{
	"credit": "Made By BronGhast014 with Blockbench",
	"textures": {
		"2": "spooky/frame"
	},
	"elements": [
		{
			"name": "box",
			"from": [0, 31, 0],
			"to": [16, 32, 16],
			"faces": {
				"north": {"uv": [8.5, 15.5, 11, 16], "texture": "#2"},
				"east": {"uv": [8.5, 15.5, 11, 16], "texture": "#2"},
				"south": {"uv": [8.5, 15.5, 11, 16], "texture": "#2"},
				"west": {"uv": [8.5, 15.5, 11, 16], "texture": "#2"},
				"up": {"uv": [8.5, 15.5, 11, 16], "texture": "#2"},
				"down": {"uv": [8.5, 15.5, 11, 16], "texture": "#2"}
			}
		},
		{
			"name": "box",
			"from": [1, 0, 0],
			"to": [15, 1, 15],
			"faces": {
				"north": {"uv": [8.5, 15.5, 11, 16], "texture": "#2"},
				"east": {"uv": [8.5, 15.5, 11, 16], "texture": "#2"},
				"south": {"uv": [8.5, 15.5, 11, 16], "texture": "#2"},
				"west": {"uv": [8.5, 15.5, 11, 16], "texture": "#2"},
				"up": {"uv": [8.5, 15.5, 11, 16], "texture": "#2"},
				"down": {"uv": [8.5, 15.5, 11, 16], "texture": "#2"}
			}
		},
		{
			"name": "box",
			"from": [0, 0, 15],
			"to": [16, 31, 16],
			"faces": {
				"north": {"uv": [8.5, 15.5, 11, 16], "texture": "#2"},
				"east": {"uv": [8.5, 15.5, 11, 16], "texture": "#2"},
				"south": {"uv": [8.5, 15.5, 11, 16], "texture": "#2"},
				"west": {"uv": [8.5, 15.5, 11, 16], "texture": "#2"},
				"up": {"uv": [8.5, 15.5, 11, 16], "texture": "#2"},
				"down": {"uv": [8.5, 15.5, 11, 16], "texture": "#2"}
			}
		},
		{
			"name": "box",
			"from": [15, 0, 0],
			"to": [16, 31, 15],
			"faces": {
				"north": {"uv": [8.5, 15.5, 11, 16], "texture": "#2"},
				"east": {"uv": [8.5, 15.5, 11, 16], "texture": "#2"},
				"south": {"uv": [8.5, 15.5, 11, 16], "texture": "#2"},
				"west": {"uv": [8.5, 15.5, 11, 16], "texture": "#2"},
				"up": {"uv": [8.5, 15.5, 11, 16], "texture": "#2"},
				"down": {"uv": [8.5, 15.5, 11, 16], "texture": "#2"}
			}
		},
		{
			"name": "box",
			"from": [0, 0, 0],
			"to": [1, 31, 15],
			"faces": {
				"north": {"uv": [8.5, 15.5, 11, 16], "texture": "#2"},
				"east": {"uv": [8.5, 15.5, 11, 16], "texture": "#2"},
				"south": {"uv": [8.5, 15.5, 11, 16], "texture": "#2"},
				"west": {"uv": [8.5, 15.5, 11, 16], "texture": "#2"},
				"up": {"uv": [8.5, 15.5, 11, 16], "texture": "#2"},
				"down": {"uv": [8.5, 15.5, 11, 16], "texture": "#2"}
			}
		},
		{
			"name": "frame",
			"from": [0, 31, -1],
			"to": [16, 32, 0],
			"faces": {
				"north": {"uv": [0, 0, 8, 0.5], "texture": "#2"},
				"east": {"uv": [0, 0, 0.5, 0.5], "texture": "#2"},
				"south": {"uv": [0, 0, 8, 0.5], "texture": "#2"},
				"west": {"uv": [7.5, 0, 8, 0.5], "texture": "#2"},
				"up": {"uv": [0, 0, 8, 0.5], "texture": "#2"},
				"down": {"uv": [8.5, 15.5, 11, 16], "texture": "#2"}
			}
		},
		{
			"name": "frame",
			"from": [0, 1, -1],
			"to": [1, 31, 0],
			"faces": {
				"north": {"uv": [7.5, 0.5, 8, 15.5], "texture": "#2"},
				"east": {"uv": [8.5, 15.5, 11, 16], "texture": "#2"},
				"south": {"uv": [7.5, 0.5, 8, 15.5], "texture": "#2"},
				"west": {"uv": [7.5, 0.5, 8, 15.5], "texture": "#2"},
				"up": {"uv": [7.5, 0.5, 8, 15.5], "texture": "#2"},
				"down": {"uv": [7.5, 0.5, 8, 15.5], "texture": "#2"}
			}
		},
		{
			"name": "frame",
			"from": [15, 1, -1],
			"to": [16, 31, 0],
			"faces": {
				"north": {"uv": [0, 0.5, 0.5, 15.5], "texture": "#2"},
				"east": {"uv": [0, 0.5, 0.5, 15.5], "texture": "#2"},
				"south": {"uv": [0, 0.5, 0.5, 15.5], "texture": "#2"},
				"west": {"uv": [8.5, 15.5, 11, 16], "texture": "#2"},
				"up": {"uv": [0, 0.5, 0.5, 15.5], "texture": "#2"},
				"down": {"uv": [0, 0.5, 0.5, 15.5], "texture": "#2"}
			}
		},
		{
			"name": "frame",
			"from": [0, 0, -1],
			"to": [16, 1, 0],
			"faces": {
				"north": {"uv": [0, 15.5, 8, 16], "texture": "#2"},
				"east": {"uv": [0, 15.5, 0.5, 16], "texture": "#2"},
				"south": {"uv": [0, 15.5, 8, 16], "texture": "#2"},
				"west": {"uv": [7.5, 15.5, 8, 16], "texture": "#2"},
				"up": {"uv": [8.5, 15.5, 11, 16], "texture": "#2"},
				"down": {"uv": [0, 15.5, 8, 16], "texture": "#2"}
			}
		}
	],
	"display": {
		"thirdperson_righthand": {
			"rotation": [75, 45, 0],
			"translation": [0, 2.5, 0],
			"scale": [0.375, 0.375, 0.375]
		},
		"thirdperson_lefthand": {
			"rotation": [75, 45, 0],
			"translation": [0, 2.5, 0],
			"scale": [0.375, 0.375, 0.375]
		},
		"firstperson_righthand": {
			"rotation": [0, 45, 0],
			"scale": [0.4, 0.4, 0.4]
		},
		"firstperson_lefthand": {
			"rotation": [0, 225, 0],
			"scale": [0.4, 0.4, 0.4]
		},
		"ground": {
			"translation": [0, -0.25, 0],
			"scale": [0.25, 0.25, 0.25]
		},
		"gui": {
			"rotation": [30, 225, 0],
			"translation": [0, -2.25, 0],
			"scale": [0.4, 0.4, 0.4]
		},
		"head": {
			"translation": [0, -30.5, 0],
			"scale": [1.6, 1.6, 1.6]
		},
		"fixed": {
			"translation": [0, -3.25, 0],
			"scale": [0.5, 0.5, 0.5]
		}
	},
	"groups": [
		{
			"name": "frame2",
			"origin": [8, 8, 8],
			"children": [0, 1, 2, 3, 4, 5, 6, 7, 8]
		}
	]
}