{
	"credit": "Made By BronGhast014 with Blockbench",
	"textures": {
		"1": "block/lava_flow",
		"3": "block/lava_still"
	},
	"elements": [
		{
			"name": "lava",
			"from": [0, 0, 0],
			"to": [16, 15, 16],
			"faces": {
				"north": {"uv": [0, 0, 7.5, 8], "texture": "#1"},
				"east": {"uv": [0, 0, 7.5, 8], "texture": "#1"},
				"south": {"uv": [0, 0, 7.5, 8], "texture": "#1"},
				"west": {"uv": [0, 0, 7.5, 8], "texture": "#1"},
				"up": {"uv": [0, 0, 16, 16], "texture": "#3"},
				"down": {"uv": [0, 0, 7.5, 8], "texture": "#1"}
			}
		}
	],
	"display": {
		"thirdperson_righthand": {
			"rotation": [75, 45, 0],
			"translation": [0, 2.5, 0],
			"scale": [0.375, 0.375, 0.375]
		},
		"thirdperson_lefthand": {
			"rotation": [75, 45, 0],
			"translation": [0, 2.5, 0],
			"scale": [0.375, 0.375, 0.375]
		},
		"firstperson_righthand": {
			"rotation": [0, 45, 0],
			"scale": [0.4, 0.4, 0.4]
		},
		"firstperson_lefthand": {
			"rotation": [0, 225, 0],
			"scale": [0.4, 0.4, 0.4]
		},
		"ground": {
			"translation": [0, 3, 0],
			"scale": [0.25, 0.25, 0.25]
		},
		"gui": {
			"rotation": [30, 225, 0],
			"scale": [0.625, 0.625, 0.625]
		},
		"head": {
			"translation": [0, -16.5, 0],
			"scale": [2.3, 2.3, 2.3]
		},
		"fixed": {
			"translation": [0, -3.5, 0],
			"scale": [0.5, 0.5, 0.5]
		}
	}
}