{
	"credit": "Made By BronGhast014 with Blockbench",
	"textures": {
		"0": "spooky/ghost",
		"particle": "spooky/ghost"
	},
	"elements": [
		{
			"name": "body",
			"from": [3.5, 10, 5.5],
			"to": [12.5, 32, 11.1],
			"rotation": {"angle": -22.5, "axis": "x", "origin": [8, 21, 8]},
			"faces": {
				"north": {"uv": [0, 0, 4, 8.5], "texture": "#0"},
				"east": {"uv": [10.5, 0, 12.5, 8.5], "texture": "#0"},
				"south": {"uv": [12, 0, 16, 8.5], "texture": "#0"},
				"west": {"uv": [3.5, 0, 5.5, 8.5], "texture": "#0"},
				"up": {"uv": [12, 0, 16, 2], "texture": "#0"},
				"down": {"uv": [4, 7.5, 5.5, 8.5], "texture": "#0"}
			}
		},
		{
			"name": "arm",
			"from": [11, 20, 6.75],
			"to": [23, 24, 10.75],
			"rotation": {"angle": 22.5, "axis": "z", "origin": [17, 22, 8.75]},
			"faces": {
				"north": {"uv": [4, 0, 6, 8], "rotation": 90, "texture": "#0"},
				"east": {"uv": [4, 7.5, 5.5, 8.5], "rotation": 90, "texture": "#0"},
				"south": {"uv": [5.5, 0, 7.5, 8], "rotation": 270, "texture": "#0"},
				"west": {"uv": [14, 0, 16, 2], "rotation": 90, "texture": "#0"},
				"up": {"uv": [10, 0, 12, 8], "rotation": 270, "texture": "#0"},
				"down": {"uv": [8, 0, 10, 8], "rotation": 270, "texture": "#0"}
			}
		},
		{
			"name": "arm",
			"from": [-7, 20, 6.75],
			"to": [5, 24, 10.75],
			"rotation": {"angle": -22.5, "axis": "z", "origin": [-1, 22, 8.75]},
			"faces": {
				"north": {"uv": [4, 0, 6, 8], "rotation": 270, "texture": "#0"},
				"east": {"uv": [14, 0, 16, 2], "rotation": 270, "texture": "#0"},
				"south": {"uv": [8, 0, 10, 8], "rotation": 90, "texture": "#0"},
				"west": {"uv": [4, 7.5, 5.5, 8.5], "rotation": 270, "texture": "#0"},
				"up": {"uv": [6, 0, 8, 8], "rotation": 90, "texture": "#0"},
				"down": {"uv": [10, 0, 12, 8], "rotation": 90, "texture": "#0"}
			}
		}
	],
	"display": {
		"thirdperson_righthand": {
			"rotation": [75, 45, 0],
			"translation": [0, 2.5, 0],
			"scale": [0.375, 0.375, 0.375]
		},
		"thirdperson_lefthand": {
			"rotation": [75, 45, 0],
			"translation": [0, 2.5, 0],
			"scale": [0.375, 0.375, 0.375]
		},
		"firstperson_righthand": {
			"rotation": [0, 123, 0],
			"scale": [0.4, 0.4, 0.4]
		},
		"firstperson_lefthand": {
			"rotation": [0, 120, 0],
			"scale": [0.4, 0.4, 0.4]
		},
		"ground": {
			"translation": [0, 3, 0],
			"scale": [0.25, 0.25, 0.25]
		},
		"gui": {
			"rotation": [-14, -148, -5],
			"translation": [0, -4.25, 0],
			"scale": [0.4, 0.4, 0.4]
		},
		"head": {
			"translation": [0, -32, 0],
			"scale": [2, 2, 2]
		},
		"fixed": {
			"rotation": [24, 0, 0],
			"translation": [0, -5.75, -3],
			"scale": [0.5, 0.5, 0.5]
		}
	}
}