{
	"credit": "Made By BronGhast014 with Blockbench",
	"textures": {
		"0": "spooky/spooky_pumpkin",
		"particle": "spooky/spooky_pumpkin"
	},
	"elements": [
		{
			"name": "outside",
			"from": [0, 11, -2],
			"to": [16, 21, 14],
			"rotation": {"angle": 22.5, "axis": "x", "origin": [8, 13, 13]},
			"faces": {
				"north": {"uv": [4, 4, 8, 6.75], "texture": "#0"},
				"east": {"uv": [0, 4, 4, 5.75], "texture": "#0"},
				"south": {"uv": [0, 0, 4, 2], "texture": "#0"},
				"west": {"uv": [8, 4, 12, 6], "texture": "#0"},
				"up": {"uv": [3.75, 0, 7.75, 4], "texture": "#0"},
				"down": {"uv": [9, 1, 11, 3], "texture": "#0"}
			}
		},
		{
			"name": "inside",
			"from": [0.3, 10.95, -1.7],
			"to": [15.7, 20.7, 13.7],
			"rotation": {"angle": 22.5, "axis": "x", "origin": [8, 13, 13]},
			"faces": {
				"north": {"uv": [4, 12, 8, 14.75], "texture": "#0"},
				"east": {"uv": [0, 12, 4, 14], "texture": "#0"},
				"south": {"uv": [0, 8.25, 4, 10.25], "texture": "#0"},
				"west": {"uv": [8, 12, 12, 14], "texture": "#0"},
				"up": {"uv": [4, 8, 8, 12], "texture": "#0"},
				"down": {"uv": [12, 8, 16, 12], "texture": "#0"}
			}
		},
		{
			"name": "inside",
			"from": [0.3, 5.2, -3.7],
			"to": [15.7, 10.95, 11.7],
			"rotation": {"angle": -22.5, "axis": "x", "origin": [8, 13, 11]},
			"faces": {
				"north": {"uv": [4, 14, 8, 16], "texture": "#0"},
				"east": {"uv": [0, 14, 4, 16], "texture": "#0"},
				"south": {"uv": [0, 9.5, 4, 11.5], "texture": "#0"},
				"west": {"uv": [8, 14.25, 12, 16], "texture": "#0"},
				"up": {"uv": [12, 8, 16, 12], "texture": "#0"},
				"down": {"uv": [8, 8, 12, 12], "texture": "#0"}
			}
		},
		{
			"name": "outside",
			"from": [0, 5, -4],
			"to": [16, 11, 12],
			"rotation": {"angle": -22.5, "axis": "x", "origin": [8, 13, 11]},
			"faces": {
				"north": {"uv": [4, 6.75, 8, 8], "texture": "#0"},
				"east": {"uv": [0, 6.25, 4, 8], "texture": "#0"},
				"south": {"uv": [0, 2, 4, 4], "texture": "#0"},
				"west": {"uv": [8, 6.25, 12, 8], "texture": "#0"},
				"up": {"uv": [9, 1, 11, 3], "texture": "#0"},
				"down": {"uv": [8, 0, 12, 4], "texture": "#0"}
			}
		}
	],
	"display": {
		"thirdperson_righthand": {
			"rotation": [75, 45, 0],
			"translation": [0, 2.5, 0],
			"scale": [0.375, 0.375, 0.375]
		},
		"thirdperson_lefthand": {
			"rotation": [75, 45, 0],
			"translation": [0, 2.5, 0],
			"scale": [0.375, 0.375, 0.375]
		},
		"firstperson_righthand": {
			"rotation": [0, 45, 0],
			"scale": [0.4, 0.4, 0.4]
		},
		"firstperson_lefthand": {
			"rotation": [0, 225, 0],
			"scale": [0.4, 0.4, 0.4]
		},
		"ground": {
			"translation": [0, 3, 0],
			"scale": [0.25, 0.25, 0.25]
		},
		"gui": {
			"rotation": [30, 225, 0],
			"scale": [0.625, 0.625, 0.625]
		},
		"head": {
			"translation": [0, -14.75, 0],
			"scale": [2.41, 2.41, 2.41]
		},
		"fixed": {
			"translation": [0, -3.5, 0],
			"scale": [0.5, 0.5, 0.5]
		}
	},
	"groups": [
		{
			"name": "top",
			"origin": [8, 8, 8],
			"children": [0, 1]
		},
		{
			"name": "bottom",
			"origin": [8, 8, 8],
			"children": [2, 3]
		}
	]
}