{
  "pools": [
    {
      "rolls": 1,
      "entries": [
        {
          "type": "minecraft:item",
          "name": "minecraft:armor_stand",
          "functions": [
            {
              "function": "minecraft:set_nbt",
              "tag": "{display:{Name:'{\"translate\":\"bghs.frame\",\"italic\":false}',Lore:['{\"translate\":\"bghs.lore\"}']},HideFlags:32,CustomModelData:10140003,EntityTag:{Invisible:1b,Tags:[\"spawn_frame\"]}}"
            }
          ]
        }
      ]
    }
  ]
}
