{
  "pools": [
    {
      "rolls": 1,
      "entries": [
        {
          "type": "minecraft:item",
          "name": "minecraft:creeper_spawn_egg",
          "functions": [
            {
              "function": "minecraft:set_nbt",
              "tag": "{display:{Lore:['{\"translate\":\"bghs.lore\"}']},EntityTag:{DeathLootTable:\"/\",PersistenceRequired:1b,NoAI:1b,Health:4f,Tags:[\"fake_creeper\",\"targetPlayer\"],ArmorItems:[{},{},{},{id:\"minecraft:stone_button\",Count:1b,tag:{fakeCreeper:1,kill:1}}],ArmorDropChances:[0.0F,0.0F,0.0F,1.000F],Attributes:[{Name:generic.maxHealth,Base:4}]}}"
            }
          ],
          "conditions": [
            {
              "condition": "minecraft:entity_properties",
              "entity": "killer_player",
              "predicate": {
                "nbt": "{playerGameType:0}"
              }
            }
          ]
        }
      ]
    }
  ]
}
