{
  "type": "minecraft:entity",
    "pools": [
        {
            "rolls": 1,
            "entries": [
                {
                    "type": "item",
                    "weight": 1,
                    "name": "minecraft:stone_button",
					"functions": [
                        {
                            "function": "set_nbt",
                            "tag": "{1in10Result:1,kill:1}"
                        }
                    ]
                },
				{
                    "type": "item",
                    "weight": 1,
                    "name": "minecraft:stone_button",
					"functions": [
                        {
                            "function": "set_nbt",
                            "tag": "{1in10Result:2,kill:1}"
                        }
                    ]
                },
				{
                    "type": "item",
                    "weight": 1,
                    "name": "minecraft:stone_button",
					"functions": [
                        {
                            "function": "set_nbt",
                            "tag": "{1in10Result:3,kill:1}"
                        }
                    ]
                },
				{
                    "type": "item",
                    "weight": 1,
                    "name": "minecraft:stone_button",
					"functions": [
                        {
                            "function": "set_nbt",
                            "tag": "{1in10Result:4,kill:1}"
                        }
                    ]
                },
				{
                    "type": "item",
                    "weight": 1,
                    "name": "minecraft:stone_button",
					"functions": [
                        {
                            "function": "set_nbt",
                            "tag": "{1in10Result:5,kill:1}"
                        }
                    ]
                },
				{
                    "type": "item",
                    "weight": 1,
                    "name": "minecraft:stone_button",
					"functions": [
                        {
                            "function": "set_nbt",
                            "tag": "{1in10Result:6,kill:1}"
                        }
                    ]
                },
				{
                    "type": "item",
                    "weight": 1,
                    "name": "minecraft:stone_button",
					"functions": [
                        {
                            "function": "set_nbt",
                            "tag": "{1in10Result:7,kill:1}"
                        }
                    ]
                },
				{
                    "type": "item",
                    "weight": 1,
                    "name": "minecraft:stone_button",
					"functions": [
                        {
                            "function": "set_nbt",
                            "tag": "{1in10Result:8,kill:1}"
                        }
                    ]
                },
				{
                    "type": "item",
                    "weight": 1,
                    "name": "minecraft:stone_button",
					"functions": [
                        {
                            "function": "set_nbt",
                            "tag": "{1in10Result:9,kill:1}"
                        }
                    ]
                },
				{
                    "type": "item",
                    "weight": 1,
                    "name": "minecraft:stone_button",
					"functions": [
                        {
                            "function": "set_nbt",
                            "tag": "{1in10Result:10,kill:1}"
                        }
                    ]
                }
            ]
        }
    ]
}
