{
  "type": "minecraft:block",
  "pools": [
    {
      "rolls": 1,
      "entries": [
        {
          "type": "minecraft:item",
          "name": "minecraft:stone_button",
		  "functions": [
                        {
                            "function": "set_nbt",
                            "tag": "{spawngolem:1,mob:1}"
                        }
                    ]
        },
		{
          "type": "minecraft:item",
          "name": "minecraft:stone_button",
		  "functions": [
                        {
                            "function": "set_nbt",
                            "tag": "{spawngolem:2,mob:1}"
                        }
                    ]
        },
		{
          "type": "minecraft:item",
          "name": "minecraft:stone_button",
		  "functions": [
                        {
                            "function": "set_nbt",
                            "tag": "{spawnwolf:1,mob:1}"
                        }
                    ]
        },
		{
          "type": "minecraft:item",
          "name": "minecraft:stone_button",
		  "functions": [
                        {
                            "function": "set_nbt",
                            "tag": "{spawnhorse:1,mob:1}"
                        }
                    ]
        }
      ]
    }
  ]
}