{
  "type": "minecraft:block",
  "pools": [
    {
      "rolls": 1,
      "entries": [
        {
          "type": "minecraft:item",
		  "weight": 20,
          "name": "minecraft:stone_button",
		  "functions": [
                        {
                            "function": "set_nbt",
                            "tag": "{spawnzombie:1,mob:1}"
                        }
                    ]
        },
		{
          "type": "minecraft:item",
		  "weight": 20,
          "name": "minecraft:stone_button",
		  "functions": [
                        {
                            "function": "set_nbt",
                            "tag": "{spawnskeleton:1,mob:1}"
                        }
                    ]
        },
		{
          "type": "minecraft:item",
		  "weight": 20,
          "name": "minecraft:stone_button",
		  "functions": [
                        {
                            "function": "set_nbt",
                            "tag": "{spawnskeleton:2,mob:1}"
                        }
                    ]
        },
		{
          "type": "minecraft:item",
		  "weight": 1,
          "name": "minecraft:stone_button",
		  "functions": [
                        {
                            "function": "set_nbt",
                            "tag": "{spawnwither:1,mob:1}"
                        }
                    ]
        },
		{
          "type": "minecraft:item",
		  "weight": 20,
          "name": "minecraft:stone_button",
		  "functions": [
                        {
                            "function": "set_nbt",
                            "tag": "{spawnslime:1,mob:1}"
                        }
                    ]
        },
		{
          "type": "minecraft:item",
		  "weight": 20,
          "name": "minecraft:stone_button",
		  "functions": [
                        {
                            "function": "set_nbt",
                            "tag": "{spawnghast:1,mob:1}"
                        }
                    ]
        },
		{
          "type": "minecraft:item",
		  "weight": 10,
          "name": "minecraft:stone_button",
		  "functions": [
                        {
                            "function": "set_nbt",
                            "tag": "{spawnravager:1,mob:1}"
                        }
                    ]
        }
      ]
    }
  ]
}