{
  "type": "minecraft:entity",
    "pools": [
        {
            "rolls": 1,
            "entries": [
                {
                    "type": "item",
                    "weight": 1,
                    "name": "minecraft:stone_button",
					"functions": [
						{
							"function": "minecraft:set_count",
							"count": { "min": 1.0, "max": 1.0 }
						},
                        {
                            "function": "set_nbt",
                            "tag": "{Result:Success}"
                        }
                    ],
                    "conditions": [
                        {
                            "condition": "random_chance",
                            "chance": 0.9
                        }
                    ]
                }
            ]
        }
    ]
}