{
	"credit": "Made By BronGhast014 with Blockbench",
	"textures": {
		"0": "ui/blank",
		"particle": "ui/blank"
	},
	"elements": [
		{
			"from": [0, 0, 0],
			"to": [0, 0, 0],
			"faces": {
				"north": {"uv": [0, 0, 16, 16], "texture": "#0"},
				"east": {"uv": [0, 0, 16, 16], "texture": "#0"},
				"south": {"uv": [0, 0, 16, 16], "texture": "#0"},
				"west": {"uv": [0, 0, 16, 16], "texture": "#0"},
				"up": {"uv": [0, 0, 16, 16], "texture": "#0"},
				"down": {"uv": [0, 0, 16, 16], "texture": "#0"}
			}
		}
	]
}