{
	"credit": "Made by BronGhast014 with Blockbench",
	"textures": {
		"0": "christmas/green_present",
		"particle": "christmas/green_present"
	},
	"elements": [
		{
			"name": "bow",
			"from": [7, 9.25, 2.75],
			"to": [9, 9.5, 7.75],
			"rotation": {"angle": 45, "axis": "x", "origin": [8, 11.375, 7]},
			"faces": {
				"north": {"uv": [7.5, 3.5, 8, 5], "rotation": 90, "texture": "#0"},
				"east": {"uv": [7.5, 3.5, 8, 5], "rotation": 90, "texture": "#0"},
				"south": {"uv": [0, 0, 2, 0.25], "texture": "#0"},
				"west": {"uv": [7.5, 3.5, 8, 5], "rotation": 90, "texture": "#0"},
				"up": {"uv": [7.5, 1.5, 8.5, 4], "texture": "#0"},
				"down": {"uv": [7.5, 3, 8.5, 5.5], "texture": "#0"}
			}
		},
		{
			"name": "bow",
			"from": [7, 9.25, 8.25],
			"to": [9, 9.5, 13.25],
			"rotation": {"angle": -45, "axis": "x", "origin": [8, 11.375, 9]},
			"faces": {
				"north": {"uv": [0, 0, 2, 0.25], "texture": "#0"},
				"east": {"uv": [7.5, 3.5, 8, 5], "rotation": 90, "texture": "#0"},
				"south": {"uv": [7.5, 3.5, 8, 5], "rotation": 90, "texture": "#0"},
				"west": {"uv": [7.5, 3.5, 8, 5], "rotation": 90, "texture": "#0"},
				"up": {"uv": [7.5, 1.5, 8.5, 4], "texture": "#0"},
				"down": {"uv": [7.5, 3, 8.5, 5.5], "texture": "#0"}
			}
		},
		{
			"name": "bow",
			"from": [7, 10.75, 8.5],
			"to": [9, 11.25, 13.5],
			"rotation": {"angle": -45, "axis": "x", "origin": [8, 11.375, 9]},
			"faces": {
				"north": {"uv": [0, 0, 2, 0.5], "texture": "#0"},
				"east": {"uv": [7.5, 3.5, 8, 5], "rotation": 90, "texture": "#0"},
				"south": {"uv": [7.5, 3.5, 8, 5], "rotation": 90, "texture": "#0"},
				"west": {"uv": [7.5, 3.5, 8, 5], "rotation": 90, "texture": "#0"},
				"up": {"uv": [7.5, 1.5, 8.5, 4], "texture": "#0"},
				"down": {"uv": [7.5, 3, 8.5, 5.5], "texture": "#0"}
			}
		},
		{
			"name": "bow",
			"from": [7, 10.75, 2.5],
			"to": [9, 11.25, 7.5],
			"rotation": {"angle": 45, "axis": "x", "origin": [8, 11.375, 7]},
			"faces": {
				"north": {"uv": [7.5, 3.5, 8, 5], "rotation": 90, "texture": "#0"},
				"east": {"uv": [7.5, 3.5, 8, 5], "rotation": 90, "texture": "#0"},
				"south": {"uv": [0, 0, 2, 0.5], "texture": "#0"},
				"west": {"uv": [7.5, 3.5, 8, 5], "rotation": 90, "texture": "#0"},
				"up": {"uv": [7.5, 1.5, 8.5, 4], "texture": "#0"},
				"down": {"uv": [7.5, 1.5, 8.5, 4], "texture": "#0"}
			}
		},
		{
			"name": "bow",
			"from": [2.5, 10.75, 7],
			"to": [7.5, 11.25, 9],
			"rotation": {"angle": -45, "axis": "z", "origin": [7, 11, 8]},
			"faces": {
				"north": {"uv": [7.5, 3.5, 8, 5], "rotation": 90, "texture": "#0"},
				"east": {"uv": [0, 0, 2, 0.5], "texture": "#0"},
				"south": {"uv": [7.5, 3.5, 8, 5], "rotation": 90, "texture": "#0"},
				"west": {"uv": [7.5, 3.5, 8, 5], "rotation": 90, "texture": "#0"},
				"up": {"uv": [7.5, 1.5, 8.5, 4], "rotation": 90, "texture": "#0"},
				"down": {"uv": [7.5, 3, 8.5, 5.5], "rotation": 90, "texture": "#0"}
			}
		},
		{
			"name": "bow",
			"from": [2.75, 9.25, 7],
			"to": [7.75, 9.5, 9],
			"rotation": {"angle": -45, "axis": "z", "origin": [7, 11.375, 8]},
			"faces": {
				"north": {"uv": [7.5, 3.5, 8, 5], "rotation": 90, "texture": "#0"},
				"east": {"uv": [0, 0, 2, 0.25], "texture": "#0"},
				"south": {"uv": [7.5, 3.5, 8, 5], "rotation": 90, "texture": "#0"},
				"west": {"uv": [7.5, 3.5, 8, 5], "rotation": 90, "texture": "#0"},
				"up": {"uv": [7.5, 1.5, 8.5, 4], "rotation": 90, "texture": "#0"},
				"down": {"uv": [7.5, 3, 8.5, 5.5], "rotation": 270, "texture": "#0"}
			}
		},
		{
			"name": "bow",
			"from": [8.25, 9.25, 7],
			"to": [13.25, 9.5, 9],
			"rotation": {"angle": 45, "axis": "z", "origin": [9, 11.375, 8]},
			"faces": {
				"north": {"uv": [7.5, 3.5, 8, 5], "rotation": 90, "texture": "#0"},
				"east": {"uv": [7.5, 3.5, 8, 5], "rotation": 90, "texture": "#0"},
				"south": {"uv": [7.5, 3.5, 8, 5], "rotation": 90, "texture": "#0"},
				"west": {"uv": [0, 0, 2, 0.25], "texture": "#0"},
				"up": {"uv": [7.5, 1.5, 8.5, 4], "rotation": 90, "texture": "#0"},
				"down": {"uv": [7.5, 1.5, 8.5, 4], "rotation": 90, "texture": "#0"}
			}
		},
		{
			"name": "bow",
			"from": [8.5, 10.75, 7],
			"to": [13.5, 11.25, 9],
			"rotation": {"angle": 45, "axis": "z", "origin": [9, 11, 8]},
			"faces": {
				"north": {"uv": [7.5, 3.5, 8, 5], "rotation": 90, "texture": "#0"},
				"east": {"uv": [7.5, 3.5, 8, 5], "rotation": 90, "texture": "#0"},
				"south": {"uv": [7.5, 3.5, 8, 5], "rotation": 90, "texture": "#0"},
				"west": {"uv": [0, 0, 2, 0.5], "texture": "#0"},
				"up": {"uv": [7.5, 1.5, 8.5, 4], "rotation": 90, "texture": "#0"},
				"down": {"uv": [7.5, 1.5, 8.5, 4], "rotation": 90, "texture": "#0"}
			}
		},
		{
			"name": "bow",
			"from": [7, 15.5, 5.25],
			"to": [9, 15.75, 6.75],
			"rotation": {"angle": -45, "axis": "x", "origin": [8, 11, 7]},
			"faces": {
				"north": {"uv": [7.5, 3.5, 8, 5], "rotation": 90, "texture": "#0"},
				"east": {"uv": [7.5, 3.5, 8, 5], "rotation": 90, "texture": "#0"},
				"south": {"uv": [0, 0, 2, 0.25], "texture": "#0"},
				"west": {"uv": [7.5, 3.5, 8, 5], "rotation": 90, "texture": "#0"},
				"up": {"uv": [7.5, 2.5, 8.5, 4], "texture": "#0"},
				"down": {"uv": [7.5, 3, 8.5, 5.5], "texture": "#0"}
			}
		},
		{
			"name": "bow",
			"from": [7, 15.5, 9.25],
			"to": [9, 15.75, 10.75],
			"rotation": {"angle": 45, "axis": "x", "origin": [8, 11, 9]},
			"faces": {
				"north": {"uv": [2, 0, 0, 0.25], "texture": "#0"},
				"east": {"uv": [7.5, 5, 8, 3.5], "rotation": 90, "texture": "#0"},
				"south": {"uv": [7.5, 5, 8, 3.5], "rotation": 90, "texture": "#0"},
				"west": {"uv": [7.5, 5, 8, 3.5], "rotation": 90, "texture": "#0"},
				"up": {"uv": [7.5, 4, 8.5, 2.5], "texture": "#0"},
				"down": {"uv": [7.5, 5.5, 8.5, 3], "texture": "#0"}
			}
		},
		{
			"name": "bow",
			"from": [5.65, 16, 7],
			"to": [7.15, 16.25, 9],
			"rotation": {"angle": 45, "axis": "z", "origin": [8, 11, 7]},
			"faces": {
				"north": {"uv": [7.5, 3.5, 8, 5], "rotation": 90, "texture": "#0"},
				"east": {"uv": [7.5, 3.5, 8, 5], "rotation": 90, "texture": "#0"},
				"south": {"uv": [7.5, 3.5, 8, 5], "rotation": 90, "texture": "#0"},
				"west": {"uv": [7.5, 3.5, 8, 5], "rotation": 90, "texture": "#0"},
				"up": {"uv": [7.5, 2.5, 8.5, 4], "texture": "#0"},
				"down": {"uv": [7.5, 3, 8.5, 5.5], "texture": "#0"}
			}
		},
		{
			"name": "bow",
			"from": [8.85, 16, 7],
			"to": [10.35, 16.25, 9],
			"rotation": {"angle": -45, "axis": "z", "origin": [8, 11, 7]},
			"faces": {
				"north": {"uv": [7.5, 5, 8, 3.5], "rotation": 90, "texture": "#0"},
				"east": {"uv": [7.5, 5, 8, 3.5], "rotation": 90, "texture": "#0"},
				"south": {"uv": [7.5, 5, 8, 3.5], "rotation": 90, "texture": "#0"},
				"west": {"uv": [7.5, 5, 8, 3.5], "rotation": 90, "texture": "#0"},
				"up": {"uv": [8.5, 2.5, 7.5, 4], "texture": "#0"},
				"down": {"uv": [8.5, 3, 7.5, 5.5], "texture": "#0"}
			}
		},
		{
			"name": "lid",
			"from": [1.5, 8, 1.5],
			"to": [14.5, 11, 14.5],
			"faces": {
				"north": {"uv": [5, 6, 11, 7.5], "texture": "#0"},
				"east": {"uv": [5, 6, 11, 7.5], "texture": "#0"},
				"south": {"uv": [5, 6, 11, 7.5], "texture": "#0"},
				"west": {"uv": [5, 6, 11, 7.5], "texture": "#0"},
				"up": {"uv": [5, 0, 11, 6], "texture": "#0"},
				"down": {"uv": [0, 0, 5, 5], "texture": "#0"}
			}
		},
		{
			"name": "ribon",
			"from": [7, 7.75, 1.25],
			"to": [9, 11.25, 14.75],
			"faces": {
				"north": {"uv": [7.5, 6, 8.5, 7.5], "texture": "#0"},
				"east": {"uv": [7.5, 0, 8.5, 5.5], "texture": "#0"},
				"south": {"uv": [7.5, 6, 8.5, 7.5], "texture": "#0"},
				"west": {"uv": [7.5, 0, 8.5, 5.5], "texture": "#0"},
				"up": {"uv": [7.5, 0, 8.5, 5.5], "rotation": 180, "texture": "#0"},
				"down": {"uv": [7.5, 0, 8.5, 5.5], "texture": "#0"}
			}
		},
		{
			"name": "ribon",
			"from": [1, 7.75, 7],
			"to": [15, 11.25, 9],
			"faces": {
				"north": {"uv": [7.5, 6, 8.5, 7.5], "texture": "#0"},
				"east": {"uv": [5, 2.5, 11, 3.5], "texture": "#0"},
				"south": {"uv": [7.5, 6, 8.5, 7.5], "texture": "#0"},
				"west": {"uv": [5, 2.5, 11, 3.5], "texture": "#0"},
				"up": {"uv": [5, 2.5, 11, 3.5], "rotation": 90, "texture": "#0"},
				"down": {"uv": [7.5, 0, 8.5, 5.5], "texture": "#0"}
			}
		},
		{
			"name": "box",
			"from": [2, -1.1, 2],
			"to": [14, 8, 14],
			"faces": {
				"north": {"uv": [0, 11.5, 6, 16], "texture": "#0"},
				"east": {"uv": [0, 11.5, 6, 16], "texture": "#0"},
				"south": {"uv": [0, 11.5, 6, 16], "texture": "#0"},
				"west": {"uv": [0, 11.5, 6, 16], "texture": "#0"},
				"up": {"uv": [0, 5, 5, 10], "texture": "#0"},
				"down": {"uv": [0, 0, 5, 5], "texture": "#0"}
			}
		},
		{
			"name": "ribon",
			"from": [7, -1, 1.75],
			"to": [9, 8.25, 14.25],
			"faces": {
				"north": {"uv": [7.5, 1, 8.5, 6], "texture": "#0"},
				"east": {"uv": [7.5, 1, 8.5, 6], "texture": "#0"},
				"south": {"uv": [7.5, 1, 8.5, 6], "texture": "#0"},
				"west": {"uv": [7.5, 1, 8.5, 6], "texture": "#0"},
				"up": {"uv": [0, 0, 2, 12.5], "texture": "#0"},
				"down": {"uv": [7.5, 1, 8.5, 6], "texture": "#0"}
			}
		},
		{
			"name": "ribon",
			"from": [1.75, -1, 7],
			"to": [14.25, 8.25, 9],
			"faces": {
				"north": {"uv": [7.5, 1, 8.5, 6], "texture": "#0"},
				"east": {"uv": [7.5, 1, 8.5, 6], "texture": "#0"},
				"south": {"uv": [7.5, 1, 8.5, 6], "texture": "#0"},
				"west": {"uv": [7.5, 1, 8.5, 6], "texture": "#0"},
				"up": {"uv": [0, 0, 2, 12.5], "texture": "#0"},
				"down": {"uv": [7.5, 1, 8.5, 6], "texture": "#0"}
			}
		}
	],
	"display": {
		"thirdperson_righthand": {
			"scale": [0.375, 0.375, 0.375],
			"rotation": [75, 45, 0],
			"translation": [0, 2.5, 0]
		},
		"thirdperson_lefthand": {
			"rotation": [75, 45, 0],
			"translation": [0, 2.5, 0],
			"scale": [0.375, 0.375, 0.375]
		},
		"firstperson_righthand": {
			"rotation": [0, 45, 0],
			"translation": [0, 0, 0],
			"scale": [0.4, 0.4, 0.4]
		},
		"ground": {
			"rotation": [0, 0, 0],
			"translation": [0, -2, 0],
			"scale": [0.5, 0.5, 0.5]
		},
		"gui": {
			"rotation": [30, 225, 0],
			"translation": [0, 0, 0],
			"scale": [0.625, 0.625, 0.625]
		},
		"fixed": {
			"rotation": [-23, -2, 0],
			"translation": [0, 0, 0],
			"scale": [0.7, 0.7, 0.7]
		},
		"firstperson_lefthand": {
			"scale": [0.4, 0.4, 0.4],
			"rotation": [0, 45, 0]
		},
		"head": {
			"translation": [0, -17.5, 0],
			"scale": [1.7, 1.7, 1.7]
		}
	},
	"groups": [
		{
			"name": "bow",
			"children": [0, 1, 2, 3, 4, 5, 6, 7, 8, 9, 10, 11]
		},
		{
			"name": "lid",
			"children": [12, 13, 14]
		},
		{
			"name": "box",
			"children": [15, 16, 17]
		}
	]
}