{
	"credit": "Made by BronGhast014 with Blockbench",
	"textures": {
		"3": "christmas/rain_deer"
	},
	"elements": [
		{
			"name": "left antler",
			"from": [6.7, 14, 5.3],
			"to": [7.2, 16.7, 5.8],
			"rotation": {"angle": 45, "axis": "x", "origin": [6.9, 14, 5.5]},
			"faces": {
				"north": {"uv": [8.5, 9.5, 9.5, 11.5], "texture": "#3"},
				"east": {"uv": [8.5, 9.5, 9.5, 11.5], "texture": "#3"},
				"south": {"uv": [8.5, 9.5, 9.5, 11.5], "texture": "#3"},
				"west": {"uv": [8.5, 9.5, 9.5, 11.5], "texture": "#3"},
				"up": {"uv": [8.5, 9.5, 9.5, 11.5], "texture": "#3"},
				"down": {"uv": [8.5, 9.5, 9.5, 11.5], "texture": "#3"}
			}
		},
		{
			"name": "left antler",
			"from": [6.7, 15, 6.3],
			"to": [7.2, 16, 6.8],
			"rotation": {"angle": -22.5, "axis": "x", "origin": [6.9, 16, 6.5]},
			"faces": {
				"north": {"uv": [8.5, 9.5, 9.5, 11.5], "texture": "#3"},
				"east": {"uv": [8.5, 9.5, 9.5, 11.5], "texture": "#3"},
				"south": {"uv": [8.5, 9.5, 9.5, 11.5], "texture": "#3"},
				"west": {"uv": [8.5, 9.5, 9.5, 11.5], "texture": "#3"},
				"up": {"uv": [8.5, 9.5, 9.5, 11.5], "texture": "#3"},
				"down": {"uv": [8.5, 9.5, 9.5, 11.5], "texture": "#3"}
			}
		},
		{
			"name": "left antler",
			"from": [6.7, 15.8, 6.3],
			"to": [7.2, 16.6, 6.8],
			"rotation": {"angle": -45, "axis": "x", "origin": [6.9, 16, 6.6]},
			"faces": {
				"north": {"uv": [8.5, 9.5, 9.5, 11.5], "texture": "#3"},
				"east": {"uv": [8.5, 9.5, 9.5, 11.5], "texture": "#3"},
				"south": {"uv": [8.5, 9.5, 9.5, 11.5], "texture": "#3"},
				"west": {"uv": [8.5, 9.5, 9.5, 11.5], "texture": "#3"},
				"up": {"uv": [8.5, 9.5, 9.5, 11.5], "texture": "#3"},
				"down": {"uv": [8.5, 9.5, 9.5, 11.5], "texture": "#3"}
			}
		},
		{
			"name": "left antler",
			"from": [6.7, 16.1, 4.8],
			"to": [7.2, 16.6, 6.3],
			"faces": {
				"north": {"uv": [8.5, 9.5, 9.5, 11.5], "texture": "#3"},
				"east": {"uv": [8.5, 9.5, 9.5, 11.5], "texture": "#3"},
				"south": {"uv": [8.5, 9.5, 9.5, 11.5], "texture": "#3"},
				"west": {"uv": [8.5, 9.5, 9.5, 11.5], "texture": "#3"},
				"up": {"uv": [8.5, 9.5, 9.5, 11.5], "texture": "#3"},
				"down": {"uv": [8.5, 9.5, 9.5, 11.5], "texture": "#3"}
			}
		},
		{
			"name": "left antler",
			"from": [6.7, 16.2, 4.6],
			"to": [7.2, 17.4, 5.1],
			"rotation": {"angle": -22.5, "axis": "x", "origin": [6.9, 16.5, 5]},
			"faces": {
				"north": {"uv": [8.5, 9.5, 9.5, 11.5], "texture": "#3"},
				"east": {"uv": [8.5, 9.5, 9.5, 11.5], "texture": "#3"},
				"south": {"uv": [8.5, 9.5, 9.5, 11.5], "texture": "#3"},
				"west": {"uv": [8.5, 9.5, 9.5, 11.5], "texture": "#3"},
				"up": {"uv": [8.5, 9.5, 9.5, 11.5], "texture": "#3"},
				"down": {"uv": [8.5, 9.5, 9.5, 11.5], "texture": "#3"}
			}
		},
		{
			"name": "left antler",
			"from": [6.7, 16.6, 5.4],
			"to": [7.2, 17.1, 5.9],
			"faces": {
				"north": {"uv": [8.5, 9.5, 9.5, 11.5], "texture": "#3"},
				"east": {"uv": [8.5, 9.5, 9.5, 11.5], "texture": "#3"},
				"south": {"uv": [8.5, 9.5, 9.5, 11.5], "texture": "#3"},
				"west": {"uv": [8.5, 9.5, 9.5, 11.5], "texture": "#3"},
				"up": {"uv": [8.5, 9.5, 9.5, 11.5], "texture": "#3"},
				"down": {"uv": [8.5, 9.5, 9.5, 11.5], "texture": "#3"}
			}
		},
		{
			"name": "left antler",
			"from": [6.7, 16.3, 6.5],
			"to": [7.2, 16.8, 7],
			"rotation": {"angle": 45, "axis": "x", "origin": [6.9, 16.5, 6.6]},
			"faces": {
				"north": {"uv": [8.5, 9.5, 9.5, 11.5], "texture": "#3"},
				"east": {"uv": [8.5, 9.5, 9.5, 11.5], "texture": "#3"},
				"south": {"uv": [8.5, 9.5, 9.5, 11.5], "texture": "#3"},
				"west": {"uv": [8.5, 9.5, 9.5, 11.5], "texture": "#3"},
				"up": {"uv": [8.5, 9.5, 9.5, 11.5], "texture": "#3"},
				"down": {"uv": [8.5, 9.5, 9.5, 11.5], "texture": "#3"}
			}
		},
		{
			"name": "right antler",
			"from": [8.3, 14, 5.3],
			"to": [8.8, 16.7, 5.8],
			"rotation": {"angle": 45, "axis": "x", "origin": [6.9, 14, 5.5]},
			"faces": {
				"north": {"uv": [8.5, 9.5, 9.5, 11.5], "texture": "#3"},
				"east": {"uv": [8.5, 9.5, 9.5, 11.5], "texture": "#3"},
				"south": {"uv": [8.5, 9.5, 9.5, 11.5], "texture": "#3"},
				"west": {"uv": [8.5, 9.5, 9.5, 11.5], "texture": "#3"},
				"up": {"uv": [8.5, 9.5, 9.5, 11.5], "texture": "#3"},
				"down": {"uv": [8.5, 9.5, 9.5, 11.5], "texture": "#3"}
			}
		},
		{
			"name": "right antler",
			"from": [8.3, 15, 6.3],
			"to": [8.8, 16, 6.8],
			"rotation": {"angle": -22.5, "axis": "x", "origin": [6.9, 16, 6.5]},
			"faces": {
				"north": {"uv": [8.5, 9.5, 9.5, 11.5], "texture": "#3"},
				"east": {"uv": [8.5, 9.5, 9.5, 11.5], "texture": "#3"},
				"south": {"uv": [8.5, 9.5, 9.5, 11.5], "texture": "#3"},
				"west": {"uv": [8.5, 9.5, 9.5, 11.5], "texture": "#3"},
				"up": {"uv": [8.5, 9.5, 9.5, 11.5], "texture": "#3"},
				"down": {"uv": [8.5, 9.5, 9.5, 11.5], "texture": "#3"}
			}
		},
		{
			"name": "right antler",
			"from": [8.3, 15.8, 6.3],
			"to": [8.8, 16.6, 6.8],
			"rotation": {"angle": -45, "axis": "x", "origin": [6.9, 16, 6.6]},
			"faces": {
				"north": {"uv": [8.5, 9.5, 9.5, 11.5], "texture": "#3"},
				"east": {"uv": [8.5, 9.5, 9.5, 11.5], "texture": "#3"},
				"south": {"uv": [8.5, 9.5, 9.5, 11.5], "texture": "#3"},
				"west": {"uv": [8.5, 9.5, 9.5, 11.5], "texture": "#3"},
				"up": {"uv": [8.5, 9.5, 9.5, 11.5], "texture": "#3"},
				"down": {"uv": [8.5, 9.5, 9.5, 11.5], "texture": "#3"}
			}
		},
		{
			"name": "right antler",
			"from": [8.3, 16.1, 4.8],
			"to": [8.8, 16.6, 6.3],
			"faces": {
				"north": {"uv": [8.5, 9.5, 9.5, 11.5], "texture": "#3"},
				"east": {"uv": [8.5, 9.5, 9.5, 11.5], "texture": "#3"},
				"south": {"uv": [8.5, 9.5, 9.5, 11.5], "texture": "#3"},
				"west": {"uv": [8.5, 9.5, 9.5, 11.5], "texture": "#3"},
				"up": {"uv": [8.5, 9.5, 9.5, 11.5], "texture": "#3"},
				"down": {"uv": [8.5, 9.5, 9.5, 11.5], "texture": "#3"}
			}
		},
		{
			"name": "right antler",
			"from": [8.3, 16.2, 4.6],
			"to": [8.8, 17.4, 5.1],
			"rotation": {"angle": -22.5, "axis": "x", "origin": [6.9, 16.5, 5]},
			"faces": {
				"north": {"uv": [8.5, 9.5, 9.5, 11.5], "texture": "#3"},
				"east": {"uv": [8.5, 9.5, 9.5, 11.5], "texture": "#3"},
				"south": {"uv": [8.5, 9.5, 9.5, 11.5], "texture": "#3"},
				"west": {"uv": [8.5, 9.5, 9.5, 11.5], "texture": "#3"},
				"up": {"uv": [8.5, 9.5, 9.5, 11.5], "texture": "#3"},
				"down": {"uv": [8.5, 9.5, 9.5, 11.5], "texture": "#3"}
			}
		},
		{
			"name": "right antler",
			"from": [8.3, 16.6, 5.4],
			"to": [8.8, 17.1, 5.9],
			"faces": {
				"north": {"uv": [8.5, 9.5, 9.5, 11.5], "texture": "#3"},
				"east": {"uv": [8.5, 9.5, 9.5, 11.5], "texture": "#3"},
				"south": {"uv": [8.5, 9.5, 9.5, 11.5], "texture": "#3"},
				"west": {"uv": [8.5, 9.5, 9.5, 11.5], "texture": "#3"},
				"up": {"uv": [8.5, 9.5, 9.5, 11.5], "texture": "#3"},
				"down": {"uv": [8.5, 9.5, 9.5, 11.5], "texture": "#3"}
			}
		},
		{
			"name": "right antler",
			"from": [8.3, 16.3, 6.5],
			"to": [8.8, 16.8, 7],
			"rotation": {"angle": 45, "axis": "x", "origin": [6.9, 16.5, 6.6]},
			"faces": {
				"north": {"uv": [8.5, 9.5, 9.5, 11.5], "texture": "#3"},
				"east": {"uv": [8.5, 9.5, 9.5, 11.5], "texture": "#3"},
				"south": {"uv": [8.5, 9.5, 9.5, 11.5], "texture": "#3"},
				"west": {"uv": [8.5, 9.5, 9.5, 11.5], "texture": "#3"},
				"up": {"uv": [8.5, 9.5, 9.5, 11.5], "texture": "#3"},
				"down": {"uv": [8.5, 9.5, 9.5, 11.5], "texture": "#3"}
			}
		},
		{
			"name": "ear",
			"from": [6, 13.5, 5],
			"to": [7, 15, 5.5],
			"rotation": {"angle": 22.5, "axis": "z", "origin": [6.5, 14, 5]},
			"faces": {
				"north": {"uv": [0, 0, 1, 1.5], "texture": "#3"},
				"east": {"uv": [0, 0, 0.5, 1.5], "texture": "#3"},
				"south": {"uv": [0, 0, 1, 1.5], "texture": "#3"},
				"west": {"uv": [0, 0, 0.5, 1.5], "texture": "#3"},
				"up": {"uv": [0, 0, 1, 0.5], "texture": "#3"},
				"down": {"uv": [0, 0, 1, 0.5], "texture": "#3"}
			}
		},
		{
			"name": "neck",
			"from": [7, 7.75, 4.75],
			"to": [8.5, 12.25, 6.75],
			"rotation": {"angle": -22.5, "axis": "x", "origin": [7.75, 9.75, 5]},
			"faces": {
				"north": {"uv": [14, 0, 16, 5.5], "texture": "#3"},
				"east": {"uv": [0, 0, 2, 4.5], "texture": "#3"},
				"south": {"uv": [0, 0, 1.5, 4.5], "texture": "#3"},
				"west": {"uv": [0, 0, 2, 4.5], "texture": "#3"},
				"up": {"uv": [0, 0, 1.5, 2], "texture": "#3"},
				"down": {"uv": [0, 0, 1.5, 2], "texture": "#3"}
			}
		},
		{
			"name": "head",
			"from": [6.5, 12, 3],
			"to": [9, 14, 6],
			"faces": {
				"north": {"uv": [0, 0, 6, 5], "texture": "#3"},
				"east": {"uv": [10, 0, 13.5, 2.5], "texture": "#3"},
				"south": {"uv": [0, 0, 6, 5], "texture": "#3"},
				"west": {"uv": [10.5, 0, 14, 2.5], "texture": "#3"},
				"up": {"uv": [0, 0, 6, 7], "texture": "#3"},
				"down": {"uv": [0, 0, 2.5, 3], "rotation": 180, "texture": "#3"}
			}
		},
		{
			"name": "nose",
			"from": [7, 12.5, 1.5],
			"to": [8.5, 13.5, 3],
			"faces": {
				"north": {"uv": [0, 0, 1.5, 1], "texture": "#3"},
				"east": {"uv": [0, 0, 1.5, 1], "texture": "#3"},
				"south": {"uv": [0, 0, 1.5, 1], "texture": "#3"},
				"west": {"uv": [0, 0, 1.5, 1], "texture": "#3"},
				"up": {"uv": [0, 0, 1.5, 1.5], "texture": "#3"},
				"down": {"uv": [0, 0, 1.5, 1.5], "texture": "#3"}
			}
		},
		{
			"name": "mouth",
			"from": [7, 12, 1.5],
			"to": [8.5, 12.5, 3.1],
			"faces": {
				"north": {"uv": [0, 0, 1.5, 0.5], "texture": "#3"},
				"east": {"uv": [0, 0, 1.6, 0.5], "texture": "#3"},
				"south": {"uv": [0, 0, 1.5, 0.5], "texture": "#3"},
				"west": {"uv": [0, 0, 1.6, 0.5], "texture": "#3"},
				"up": {"uv": [0, 0, 1.5, 1.6], "texture": "#3"},
				"down": {"uv": [2.5, 1.5, 4, 3.09951], "texture": "#3"}
			}
		},
		{
			"name": "nosenose",
			"from": [7.5, 13.1, 1.4],
			"to": [8, 13.6, 1.9],
			"faces": {
				"north": {"uv": [2, 15, 2.5, 15.5], "texture": "#3"},
				"east": {"uv": [2, 15, 2.5, 15.5], "texture": "#3"},
				"south": {"uv": [2, 15, 2.5, 15.5], "texture": "#3"},
				"west": {"uv": [2, 15, 2.5, 15.5], "texture": "#3"},
				"up": {"uv": [2, 15, 2.5, 15.5], "texture": "#3"},
				"down": {"uv": [2, 15, 2.5, 15.5], "texture": "#3"}
			}
		},
		{
			"name": "ear",
			"from": [8.5, 13.5, 5],
			"to": [9.5, 15, 5.5],
			"rotation": {"angle": -22.5, "axis": "z", "origin": [9, 14, 5]},
			"faces": {
				"north": {"uv": [0, 0, 1, 1.5], "texture": "#3"},
				"east": {"uv": [0, 0, 0.5, 1.5], "texture": "#3"},
				"south": {"uv": [0, 0, 1, 1.5], "texture": "#3"},
				"west": {"uv": [0, 0, 0.5, 1.5], "texture": "#3"},
				"up": {"uv": [0, 0, 1, 0.5], "texture": "#3"},
				"down": {"uv": [0, 0, 1, 0.5], "texture": "#3"}
			}
		},
		{
			"name": "nose",
			"from": [7, 7.7, 5.5],
			"to": [8.5, 8.7, 7.75],
			"faces": {
				"north": {"uv": [0, 0, 1.5, 1], "texture": "#3"},
				"east": {"uv": [0, 0, 1.5, 1], "texture": "#3"},
				"south": {"uv": [0, 0, 1.5, 1], "texture": "#3"},
				"west": {"uv": [0, 0, 1.5, 1], "texture": "#3"},
				"up": {"uv": [0, 0, 1.5, 1.5], "texture": "#3"},
				"down": {"uv": [0, 0, 1.5, 1.5], "texture": "#3"}
			}
		},
		{
			"name": "nose",
			"from": [5.75, 6.7, 7.5],
			"to": [9.75, 10.7, 7.75],
			"faces": {
				"north": {"uv": [0, 0, 1.5, 1], "texture": "#3"},
				"east": {"uv": [0, 0, 1.5, 1], "texture": "#3"},
				"south": {"uv": [0, 0, 1.5, 1], "texture": "#3"},
				"west": {"uv": [0, 0, 1.5, 1], "texture": "#3"},
				"up": {"uv": [0, 0, 1.5, 1.5], "texture": "#3"},
				"down": {"uv": [0, 0, 1.5, 1.5], "texture": "#3"}
			}
		}
	],
	"display": {
		"thirdperson_lefthand": {
			"rotation": [75, 19, 0],
			"translation": [0, -0.5, 0],
			"scale": [1.3, 1.3, 1.3]
		},
		"thirdperson_righthand": {
			"rotation": [75, 19, 0],
			"translation": [0, -0.5, 0],
			"scale": [1.3, 1.3, 1.3]
		},
		"firstperson_lefthand": {
			"rotation": [0, 29, 0],
			"translation": [7, -2, 1],
			"scale": [1.3, 1.3, 1.3]
		},
		"firstperson_righthand": {
			"translation": [7, -2, 1],
			"scale": [1.3, 1.3, 1.3],
			"rotation": [0, 29, 0]
		},
		"gui": {
			"translation": [-2.5, -5.5, 0],
			"scale": [1.5, 1.5, 1.5],
			"rotation": [12, -141, 0]
		},
		"ground": {
			"rotation": [0, 0, 90],
			"translation": [4.5, -4, 2.5],
			"scale": [1.2, 1.2, 1.2]
		},
		"head": {
			"translation": [0, -20.5, 2.5],
			"scale": [4, 4, 4]
		},
		"fixed": {
			"rotation": [0, 0, 0],
			"translation": [1, -6, 1.5],
			"scale": [4, 4, 4]
		}
	},
	"groups": [
		{
			"name": "antlers",
			"children": [0, 1, 2, 3, 4, 5, 6, 7, 8, 9, 10, 11, 12, 13]
		},
		{
			"name": "body",
			"children": [14, 15, 16, 17, 18, 19, 20, 21, 22]
		}
	]
}