{
	"credit": "Made By BronGhast014 with Blockbench",
	"textures": {
		"0": "christmas/mug",
		"particle": "christmas/mug"
	},
	"elements": [
		{
			"name": "mug",
			"from": [5.5, 0, 5.5],
			"to": [10.5, 1, 10.5],
			"faces": {
				"north": {"uv": [0, 0, 5, 1], "texture": "#0"},
				"east": {"uv": [0, 0, 5, 1], "texture": "#0"},
				"south": {"uv": [0, 0, 5, 1], "texture": "#0"},
				"west": {"uv": [0, 0, 5, 1], "texture": "#0"},
				"up": {"uv": [0, 0, 5, 5], "texture": "#0"},
				"down": {"uv": [1, 11, 5, 15], "texture": "#0"}
			}
		},
		{
			"name": "mug",
			"from": [10.5, 0, 5.5],
			"to": [11.5, 8, 10.5],
			"faces": {
				"north": {"uv": [0, 0, 1, 8], "texture": "#0"},
				"east": {"uv": [0, 0, 5, 8], "texture": "#0"},
				"south": {"uv": [0, 0, 1, 8], "texture": "#0"},
				"west": {"uv": [0, 0, 5, 8], "texture": "#0"},
				"up": {"uv": [0, 0, 1, 5], "texture": "#0"},
				"down": {"uv": [5, 10, 6, 15], "texture": "#0"}
			}
		},
		{
			"name": "mug",
			"from": [4.5, 0, 5.5],
			"to": [5.5, 8, 10.5],
			"faces": {
				"north": {"uv": [0, 0, 1, 8], "texture": "#0"},
				"east": {"uv": [0, 0, 5, 8], "texture": "#0"},
				"south": {"uv": [0, 0, 1, 8], "texture": "#0"},
				"west": {"uv": [11, 0, 16, 8], "texture": "#0"},
				"up": {"uv": [0, 0, 1, 5], "texture": "#0"},
				"down": {"uv": [0, 11, 1, 16], "texture": "#0"}
			}
		},
		{
			"name": "mug",
			"from": [5.5, 0, 10.5],
			"to": [10.5, 8, 11.5],
			"faces": {
				"north": {"uv": [0, 0, 5, 8], "texture": "#0"},
				"east": {"uv": [0, 0, 1, 8], "texture": "#0"},
				"south": {"uv": [6, 0, 11, 8], "texture": "#0"},
				"west": {"uv": [0, 0, 1, 8], "texture": "#0"},
				"up": {"uv": [0, 0, 5, 1], "texture": "#0"},
				"down": {"uv": [1, 15, 6, 16], "texture": "#0"}
			}
		},
		{
			"name": "mug",
			"from": [5.5, 0, 4.5],
			"to": [10.5, 8, 5.5],
			"faces": {
				"north": {"uv": [8, 0, 13, 8], "texture": "#0"},
				"east": {"uv": [0, 0, 1, 8], "texture": "#0"},
				"south": {"uv": [0, 0, 5, 8], "texture": "#0"},
				"west": {"uv": [0, 0, 1, 8], "texture": "#0"},
				"up": {"uv": [0, 0, 5, 1], "texture": "#0"},
				"down": {"uv": [0, 10, 5, 11], "texture": "#0"}
			}
		},
		{
			"name": "mug",
			"from": [7.5, 6, 3.5],
			"to": [8.5, 7, 4.5],
			"faces": {
				"north": {"uv": [0, 0, 1, 1], "texture": "#0"},
				"east": {"uv": [0, 0, 1, 1], "texture": "#0"},
				"south": {"uv": [0, 0, 1, 1], "texture": "#0"},
				"west": {"uv": [0, 0, 1, 1], "texture": "#0"},
				"up": {"uv": [0, 0, 1, 1], "texture": "#0"},
				"down": {"uv": [0, 0, 1, 1], "texture": "#0"}
			}
		},
		{
			"name": "mug",
			"from": [7.5, 1, 3.5],
			"to": [8.5, 2, 4.5],
			"faces": {
				"north": {"uv": [0, 0, 1, 1], "texture": "#0"},
				"east": {"uv": [0, 0, 1, 1], "texture": "#0"},
				"south": {"uv": [0, 0, 1, 1], "texture": "#0"},
				"west": {"uv": [0, 0, 1, 1], "texture": "#0"},
				"up": {"uv": [0, 0, 1, 1], "texture": "#0"},
				"down": {"uv": [0, 0, 1, 1], "texture": "#0"}
			}
		},
		{
			"name": "mug",
			"from": [7.5, 2, 2.5],
			"to": [8.5, 6, 3.5],
			"faces": {
				"north": {"uv": [0, 0, 1, 4], "texture": "#0"},
				"east": {"uv": [0, 0, 1, 4], "texture": "#0"},
				"south": {"uv": [0, 0, 1, 4], "texture": "#0"},
				"west": {"uv": [0, 0, 1, 4], "texture": "#0"},
				"up": {"uv": [0, 0, 1, 1], "texture": "#0"},
				"down": {"uv": [0, 0, 1, 1], "texture": "#0"}
			}
		},
		{
			"name": "liquid",
			"from": [5.5, 6, 5.5],
			"to": [10.5, 7, 10.5],
			"faces": {
				"north": {"uv": [0, 0, 5, 1], "texture": "#0"},
				"east": {"uv": [0, 0, 5, 1], "texture": "#0"},
				"south": {"uv": [0, 0, 5, 1], "texture": "#0"},
				"west": {"uv": [0, 0, 5, 1], "texture": "#0"},
				"up": {"uv": [11, 11, 16, 16], "texture": "#0"},
				"down": {"uv": [0, 0, 5, 5], "texture": "#0"}
			}
		},
		{
			"name": "marshmellow",
			"from": [6, 6.75, 6],
			"to": [6.75, 7.5, 6.75],
			"rotation": {"angle": 45, "axis": "y", "origin": [6.375, 7.125, 6.375]},
			"faces": {
				"north": {"uv": [0, 0, 0.75, 0.75], "texture": "#0"},
				"east": {"uv": [0, 0, 0.75, 0.75], "texture": "#0"},
				"south": {"uv": [0, 0, 0.75, 0.75], "texture": "#0"},
				"west": {"uv": [0, 0, 0.75, 0.75], "texture": "#0"},
				"up": {"uv": [0, 0, 0.75, 0.75], "texture": "#0"},
				"down": {"uv": [0, 0, 0.75, 0.75], "texture": "#0"}
			}
		},
		{
			"name": "marshmellow",
			"from": [5.75, 6.75, 7.25],
			"to": [6.5, 7.5, 8],
			"faces": {
				"north": {"uv": [0, 0, 0.75, 0.75], "texture": "#0"},
				"east": {"uv": [0, 0, 0.75, 0.75], "texture": "#0"},
				"south": {"uv": [0, 0, 0.75, 0.75], "texture": "#0"},
				"west": {"uv": [0, 0, 0.75, 0.75], "texture": "#0"},
				"up": {"uv": [0, 0, 0.75, 0.75], "texture": "#0"},
				"down": {"uv": [0, 0, 0.75, 0.75], "texture": "#0"}
			}
		},
		{
			"name": "marshmellow",
			"from": [7.75, 6.55, 5.95],
			"to": [8.5, 7.3, 6.7],
			"faces": {
				"north": {"uv": [0, 0, 0.75, 0.75], "texture": "#0"},
				"east": {"uv": [0, 0, 0.75, 0.75], "texture": "#0"},
				"south": {"uv": [0, 0, 0.75, 0.75], "texture": "#0"},
				"west": {"uv": [0, 0, 0.75, 0.75], "texture": "#0"},
				"up": {"uv": [0, 0, 0.75, 0.75], "texture": "#0"},
				"down": {"uv": [0, 0, 0.75, 0.75], "texture": "#0"}
			}
		},
		{
			"name": "marshmellow",
			"from": [9.05, 6.55, 7.95],
			"to": [9.8, 7.3, 8.7],
			"rotation": {"angle": 45, "axis": "y", "origin": [9.425, 6.925, 8.325]},
			"faces": {
				"north": {"uv": [0, 0, 0.75, 0.75], "texture": "#0"},
				"east": {"uv": [0, 0, 0.75, 0.75], "texture": "#0"},
				"south": {"uv": [0, 0, 0.75, 0.75], "texture": "#0"},
				"west": {"uv": [0, 0, 0.75, 0.75], "texture": "#0"},
				"up": {"uv": [0, 0, 0.75, 0.75], "texture": "#0"},
				"down": {"uv": [0, 0, 0.75, 0.75], "texture": "#0"}
			}
		},
		{
			"name": "marshmellow",
			"from": [6.3, 6.55, 6.95],
			"to": [7.3, 7.55, 7.95],
			"rotation": {"angle": 45, "axis": "y", "origin": [9.425, 6.925, 8.325]},
			"faces": {
				"north": {"uv": [0, 0, 1, 1], "texture": "#0"},
				"east": {"uv": [0, 0, 1, 1], "texture": "#0"},
				"south": {"uv": [0, 0, 1, 1], "texture": "#0"},
				"west": {"uv": [0, 0, 1, 1], "texture": "#0"},
				"up": {"uv": [0, 0, 1, 1], "texture": "#0"},
				"down": {"uv": [0, 0, 1, 1], "texture": "#0"}
			}
		}
	],
	"display": {
		"thirdperson_righthand": {
			"rotation": [64, -180, 0],
			"translation": [0, 4, 2.5],
			"scale": [0.8, 0.8, 0.8]
		},
		"thirdperson_lefthand": {
			"rotation": [64, -180, 0],
			"translation": [0, 4, 2.5],
			"scale": [0.8, 0.8, 0.8]
		},
		"firstperson_righthand": {
			"rotation": [19, 180, -12],
			"translation": [0, 3.5, 1]
		},
		"firstperson_lefthand": {
			"rotation": [12, 180, -17],
			"translation": [0, 3.5, 1]
		},
		"ground": {
			"rotation": [90, 0, 0],
			"translation": [0, -3.5, 3.5],
			"scale": [0.8, 0.8, 0.8]
		},
		"gui": {
			"rotation": [30, 225, 0],
			"translation": [0, 2.5, 0]
		},
		"head": {
			"translation": [0, -22.5, 0],
			"scale": [1.5, 1.5, 1.5]
		},
		"fixed": {
			"rotation": [0, 90, 0],
			"translation": [0, 4, 0],
			"scale": [1.3, 1.3, 1.3]
		}
	},
	"groups": [
		{
			"name": "mug",
			"origin": [8, 8, 8],
			"children": [0, 1, 2, 3, 4, 5, 6, 7]
		}, 8, 9, 10, 11, 12, 13]
}