{
	"credit": "Made by BronGhast014 with Blockbench",
	"textures": {
		"3": "christmas/rain_deer"
	},
	"elements": [
		{
			"name": "left antler",
			"from": [6.7, 14, 5.3],
			"to": [7.2, 16.7, 5.8],
			"rotation": {"angle": 45, "axis": "x", "origin": [6.9, 14, 5.5]},
			"faces": {
				"north": {"uv": [8.5, 9.5, 9.5, 11.5], "texture": "#3"},
				"east": {"uv": [8.5, 9.5, 9.5, 11.5], "texture": "#3"},
				"south": {"uv": [8.5, 9.5, 9.5, 11.5], "texture": "#3"},
				"west": {"uv": [8.5, 9.5, 9.5, 11.5], "texture": "#3"},
				"up": {"uv": [8.5, 9.5, 9.5, 11.5], "texture": "#3"},
				"down": {"uv": [8.5, 9.5, 9.5, 11.5], "texture": "#3"}
			}
		},
		{
			"name": "left antler",
			"from": [6.7, 15, 6.3],
			"to": [7.2, 16, 6.8],
			"rotation": {"angle": -22.5, "axis": "x", "origin": [6.9, 16, 6.5]},
			"faces": {
				"north": {"uv": [8.5, 9.5, 9.5, 11.5], "texture": "#3"},
				"east": {"uv": [8.5, 9.5, 9.5, 11.5], "texture": "#3"},
				"south": {"uv": [8.5, 9.5, 9.5, 11.5], "texture": "#3"},
				"west": {"uv": [8.5, 9.5, 9.5, 11.5], "texture": "#3"},
				"up": {"uv": [8.5, 9.5, 9.5, 11.5], "texture": "#3"},
				"down": {"uv": [8.5, 9.5, 9.5, 11.5], "texture": "#3"}
			}
		},
		{
			"name": "left antler",
			"from": [6.7, 15.8, 6.3],
			"to": [7.2, 16.6, 6.8],
			"rotation": {"angle": -45, "axis": "x", "origin": [6.9, 16, 6.6]},
			"faces": {
				"north": {"uv": [8.5, 9.5, 9.5, 11.5], "texture": "#3"},
				"east": {"uv": [8.5, 9.5, 9.5, 11.5], "texture": "#3"},
				"south": {"uv": [8.5, 9.5, 9.5, 11.5], "texture": "#3"},
				"west": {"uv": [8.5, 9.5, 9.5, 11.5], "texture": "#3"},
				"up": {"uv": [8.5, 9.5, 9.5, 11.5], "texture": "#3"},
				"down": {"uv": [8.5, 9.5, 9.5, 11.5], "texture": "#3"}
			}
		},
		{
			"name": "left antler",
			"from": [6.7, 16.1, 4.8],
			"to": [7.2, 16.6, 6.3],
			"faces": {
				"north": {"uv": [8.5, 9.5, 9.5, 11.5], "texture": "#3"},
				"east": {"uv": [8.5, 9.5, 9.5, 11.5], "texture": "#3"},
				"south": {"uv": [8.5, 9.5, 9.5, 11.5], "texture": "#3"},
				"west": {"uv": [8.5, 9.5, 9.5, 11.5], "texture": "#3"},
				"up": {"uv": [8.5, 9.5, 9.5, 11.5], "texture": "#3"},
				"down": {"uv": [8.5, 9.5, 9.5, 11.5], "texture": "#3"}
			}
		},
		{
			"name": "left antler",
			"from": [6.7, 16.2, 4.6],
			"to": [7.2, 17.4, 5.1],
			"rotation": {"angle": -22.5, "axis": "x", "origin": [6.9, 16.5, 5]},
			"faces": {
				"north": {"uv": [8.5, 9.5, 9.5, 11.5], "texture": "#3"},
				"east": {"uv": [8.5, 9.5, 9.5, 11.5], "texture": "#3"},
				"south": {"uv": [8.5, 9.5, 9.5, 11.5], "texture": "#3"},
				"west": {"uv": [8.5, 9.5, 9.5, 11.5], "texture": "#3"},
				"up": {"uv": [8.5, 9.5, 9.5, 11.5], "texture": "#3"},
				"down": {"uv": [8.5, 9.5, 9.5, 11.5], "texture": "#3"}
			}
		},
		{
			"name": "left antler",
			"from": [6.7, 16.6, 5.4],
			"to": [7.2, 17.1, 5.9],
			"faces": {
				"north": {"uv": [8.5, 9.5, 9.5, 11.5], "texture": "#3"},
				"east": {"uv": [8.5, 9.5, 9.5, 11.5], "texture": "#3"},
				"south": {"uv": [8.5, 9.5, 9.5, 11.5], "texture": "#3"},
				"west": {"uv": [8.5, 9.5, 9.5, 11.5], "texture": "#3"},
				"up": {"uv": [8.5, 9.5, 9.5, 11.5], "texture": "#3"},
				"down": {"uv": [8.5, 9.5, 9.5, 11.5], "texture": "#3"}
			}
		},
		{
			"name": "left antler",
			"from": [6.7, 16.3, 6.5],
			"to": [7.2, 16.8, 7],
			"rotation": {"angle": 45, "axis": "x", "origin": [6.9, 16.5, 6.6]},
			"faces": {
				"north": {"uv": [8.5, 9.5, 9.5, 11.5], "texture": "#3"},
				"east": {"uv": [8.5, 9.5, 9.5, 11.5], "texture": "#3"},
				"south": {"uv": [8.5, 9.5, 9.5, 11.5], "texture": "#3"},
				"west": {"uv": [8.5, 9.5, 9.5, 11.5], "texture": "#3"},
				"up": {"uv": [8.5, 9.5, 9.5, 11.5], "texture": "#3"},
				"down": {"uv": [8.5, 9.5, 9.5, 11.5], "texture": "#3"}
			}
		},
		{
			"name": "right antler",
			"from": [8.3, 14, 5.3],
			"to": [8.8, 16.7, 5.8],
			"rotation": {"angle": 45, "axis": "x", "origin": [6.9, 14, 5.5]},
			"faces": {
				"north": {"uv": [8.5, 9.5, 9.5, 11.5], "texture": "#3"},
				"east": {"uv": [8.5, 9.5, 9.5, 11.5], "texture": "#3"},
				"south": {"uv": [8.5, 9.5, 9.5, 11.5], "texture": "#3"},
				"west": {"uv": [8.5, 9.5, 9.5, 11.5], "texture": "#3"},
				"up": {"uv": [8.5, 9.5, 9.5, 11.5], "texture": "#3"},
				"down": {"uv": [8.5, 9.5, 9.5, 11.5], "texture": "#3"}
			}
		},
		{
			"name": "right antler",
			"from": [8.3, 15, 6.3],
			"to": [8.8, 16, 6.8],
			"rotation": {"angle": -22.5, "axis": "x", "origin": [6.9, 16, 6.5]},
			"faces": {
				"north": {"uv": [8.5, 9.5, 9.5, 11.5], "texture": "#3"},
				"east": {"uv": [8.5, 9.5, 9.5, 11.5], "texture": "#3"},
				"south": {"uv": [8.5, 9.5, 9.5, 11.5], "texture": "#3"},
				"west": {"uv": [8.5, 9.5, 9.5, 11.5], "texture": "#3"},
				"up": {"uv": [8.5, 9.5, 9.5, 11.5], "texture": "#3"},
				"down": {"uv": [8.5, 9.5, 9.5, 11.5], "texture": "#3"}
			}
		},
		{
			"name": "right antler",
			"from": [8.3, 15.8, 6.3],
			"to": [8.8, 16.6, 6.8],
			"rotation": {"angle": -45, "axis": "x", "origin": [6.9, 16, 6.6]},
			"faces": {
				"north": {"uv": [8.5, 9.5, 9.5, 11.5], "texture": "#3"},
				"east": {"uv": [8.5, 9.5, 9.5, 11.5], "texture": "#3"},
				"south": {"uv": [8.5, 9.5, 9.5, 11.5], "texture": "#3"},
				"west": {"uv": [8.5, 9.5, 9.5, 11.5], "texture": "#3"},
				"up": {"uv": [8.5, 9.5, 9.5, 11.5], "texture": "#3"},
				"down": {"uv": [8.5, 9.5, 9.5, 11.5], "texture": "#3"}
			}
		},
		{
			"name": "right antler",
			"from": [8.3, 16.1, 4.8],
			"to": [8.8, 16.6, 6.3],
			"faces": {
				"north": {"uv": [8.5, 9.5, 9.5, 11.5], "texture": "#3"},
				"east": {"uv": [8.5, 9.5, 9.5, 11.5], "texture": "#3"},
				"south": {"uv": [8.5, 9.5, 9.5, 11.5], "texture": "#3"},
				"west": {"uv": [8.5, 9.5, 9.5, 11.5], "texture": "#3"},
				"up": {"uv": [8.5, 9.5, 9.5, 11.5], "texture": "#3"},
				"down": {"uv": [8.5, 9.5, 9.5, 11.5], "texture": "#3"}
			}
		},
		{
			"name": "right antler",
			"from": [8.3, 16.2, 4.6],
			"to": [8.8, 17.4, 5.1],
			"rotation": {"angle": -22.5, "axis": "x", "origin": [6.9, 16.5, 5]},
			"faces": {
				"north": {"uv": [8.5, 9.5, 9.5, 11.5], "texture": "#3"},
				"east": {"uv": [8.5, 9.5, 9.5, 11.5], "texture": "#3"},
				"south": {"uv": [8.5, 9.5, 9.5, 11.5], "texture": "#3"},
				"west": {"uv": [8.5, 9.5, 9.5, 11.5], "texture": "#3"},
				"up": {"uv": [8.5, 9.5, 9.5, 11.5], "texture": "#3"},
				"down": {"uv": [8.5, 9.5, 9.5, 11.5], "texture": "#3"}
			}
		},
		{
			"name": "right antler",
			"from": [8.3, 16.6, 5.4],
			"to": [8.8, 17.1, 5.9],
			"faces": {
				"north": {"uv": [8.5, 9.5, 9.5, 11.5], "texture": "#3"},
				"east": {"uv": [8.5, 9.5, 9.5, 11.5], "texture": "#3"},
				"south": {"uv": [8.5, 9.5, 9.5, 11.5], "texture": "#3"},
				"west": {"uv": [8.5, 9.5, 9.5, 11.5], "texture": "#3"},
				"up": {"uv": [8.5, 9.5, 9.5, 11.5], "texture": "#3"},
				"down": {"uv": [8.5, 9.5, 9.5, 11.5], "texture": "#3"}
			}
		},
		{
			"name": "right antler",
			"from": [8.3, 16.3, 6.5],
			"to": [8.8, 16.8, 7],
			"rotation": {"angle": 45, "axis": "x", "origin": [6.9, 16.5, 6.6]},
			"faces": {
				"north": {"uv": [8.5, 9.5, 9.5, 11.5], "texture": "#3"},
				"east": {"uv": [8.5, 9.5, 9.5, 11.5], "texture": "#3"},
				"south": {"uv": [8.5, 9.5, 9.5, 11.5], "texture": "#3"},
				"west": {"uv": [8.5, 9.5, 9.5, 11.5], "texture": "#3"},
				"up": {"uv": [8.5, 9.5, 9.5, 11.5], "texture": "#3"},
				"down": {"uv": [8.5, 9.5, 9.5, 11.5], "texture": "#3"}
			}
		},
		{
			"name": "ear",
			"from": [6, 13.5, 5],
			"to": [7, 15, 5.5],
			"rotation": {"angle": 22.5, "axis": "z", "origin": [6.5, 14, 5]},
			"faces": {
				"north": {"uv": [0, 0, 1, 1.5], "texture": "#3"},
				"east": {"uv": [0, 0, 0.5, 1.5], "texture": "#3"},
				"south": {"uv": [0, 0, 1, 1.5], "texture": "#3"},
				"west": {"uv": [0, 0, 0.5, 1.5], "texture": "#3"},
				"up": {"uv": [0, 0, 1, 0.5], "texture": "#3"},
				"down": {"uv": [0, 0, 1, 0.5], "texture": "#3"}
			}
		},
		{
			"name": "body",
			"from": [6.5, 5.5, 4.5],
			"to": [9, 8.5, 11],
			"faces": {
				"north": {"uv": [0, 0, 2.5, 3], "texture": "#3"},
				"east": {"uv": [0, 0, 6.5, 3], "texture": "#3"},
				"south": {"uv": [0, 0, 2.5, 3], "texture": "#3"},
				"west": {"uv": [0, 0, 6.5, 3], "texture": "#3"},
				"up": {"uv": [0, 0, 2.5, 6.5], "texture": "#3"},
				"down": {"uv": [5.5, 8.5, 8, 15], "texture": "#3"}
			}
		},
		{
			"name": "tale",
			"from": [7.4, 8, 10.5],
			"to": [8.2, 8.5, 12.5],
			"rotation": {"angle": 22.5, "axis": "x", "origin": [8, 8, 8]},
			"faces": {
				"north": {"uv": [0, 0, 0.8, 0.5], "texture": "#3"},
				"east": {"uv": [0, 0, 2, 0.5], "texture": "#3"},
				"south": {"uv": [0, 0, 0.8, 0.5], "texture": "#3"},
				"west": {"uv": [0, 0, 2, 0.5], "texture": "#3"},
				"up": {"uv": [0, 0, 0.8, 2], "texture": "#3"},
				"down": {"uv": [3.5, 9, 4.29934, 11], "texture": "#3"}
			}
		},
		{
			"name": "neck",
			"from": [7, 7.5, 4],
			"to": [8.5, 12, 6],
			"faces": {
				"north": {"uv": [14, 0, 16, 5.5], "texture": "#3"},
				"east": {"uv": [0, 0, 2, 4.5], "texture": "#3"},
				"south": {"uv": [0, 0, 1.5, 4.5], "texture": "#3"},
				"west": {"uv": [0, 0, 2, 4.5], "texture": "#3"},
				"up": {"uv": [0, 0, 1.5, 2], "texture": "#3"},
				"down": {"uv": [0, 0, 1.5, 2], "texture": "#3"}
			}
		},
		{
			"name": "head",
			"from": [6.5, 12, 3],
			"to": [9, 14, 6],
			"faces": {
				"north": {"uv": [0, 0, 6, 5], "texture": "#3"},
				"east": {"uv": [10, 0, 13.5, 2.5], "texture": "#3"},
				"south": {"uv": [0, 0, 6, 5], "texture": "#3"},
				"west": {"uv": [10.5, 0, 14, 2.5], "texture": "#3"},
				"up": {"uv": [0, 0, 6, 7], "texture": "#3"},
				"down": {"uv": [0, 0, 2.5, 3], "rotation": 180, "texture": "#3"}
			}
		},
		{
			"name": "nose",
			"from": [7, 12.5, 1.5],
			"to": [8.5, 13.5, 3],
			"faces": {
				"north": {"uv": [0, 0, 1.5, 1], "texture": "#3"},
				"east": {"uv": [0, 0, 1.5, 1], "texture": "#3"},
				"south": {"uv": [0, 0, 1.5, 1], "texture": "#3"},
				"west": {"uv": [0, 0, 1.5, 1], "texture": "#3"},
				"up": {"uv": [0, 0, 1.5, 1.5], "texture": "#3"},
				"down": {"uv": [0, 0, 1.5, 1.5], "texture": "#3"}
			}
		},
		{
			"name": "mouth",
			"from": [7, 12, 1.5],
			"to": [8.5, 12.5, 3.1],
			"faces": {
				"north": {"uv": [0, 0, 1.5, 0.5], "texture": "#3"},
				"east": {"uv": [0, 0, 1.6, 0.5], "texture": "#3"},
				"south": {"uv": [0, 0, 1.5, 0.5], "texture": "#3"},
				"west": {"uv": [0, 0, 1.6, 0.5], "texture": "#3"},
				"up": {"uv": [0, 0, 1.5, 1.6], "texture": "#3"},
				"down": {"uv": [2.5, 1.5, 4, 3.09951], "texture": "#3"}
			}
		},
		{
			"name": "nosenose",
			"from": [7.5, 13.1, 1.4],
			"to": [8, 13.6, 1.9],
			"faces": {
				"north": {"uv": [0.5, 15, 1, 15.5], "texture": "#3"},
				"east": {"uv": [0.5, 15, 1, 15.5], "texture": "#3"},
				"south": {"uv": [0.5, 15, 1, 15.5], "texture": "#3"},
				"west": {"uv": [0.5, 15, 1, 15.5], "texture": "#3"},
				"up": {"uv": [0.5, 15, 1, 15.5], "texture": "#3"},
				"down": {"uv": [0.5, 15, 1, 15.5], "texture": "#3"}
			}
		},
		{
			"name": "ear",
			"from": [8.5, 13.5, 5],
			"to": [9.5, 15, 5.5],
			"rotation": {"angle": -22.5, "axis": "z", "origin": [9, 14, 5]},
			"faces": {
				"north": {"uv": [0, 0, 1, 1.5], "texture": "#3"},
				"east": {"uv": [0, 0, 0.5, 1.5], "texture": "#3"},
				"south": {"uv": [0, 0, 1, 1.5], "texture": "#3"},
				"west": {"uv": [0, 0, 0.5, 1.5], "texture": "#3"},
				"up": {"uv": [0, 0, 1, 0.5], "texture": "#3"},
				"down": {"uv": [0, 0, 1, 0.5], "texture": "#3"}
			}
		},
		{
			"name": "leg",
			"from": [8.5, 0.5, 10],
			"to": [9.5, 7, 11],
			"faces": {
				"north": {"uv": [0, 0, 1, 6.5], "texture": "#3"},
				"east": {"uv": [0, 0, 1, 6.5], "texture": "#3"},
				"south": {"uv": [0, 0, 1, 6.5], "texture": "#3"},
				"west": {"uv": [0, 0, 1, 6.5], "texture": "#3"},
				"up": {"uv": [0, 0, 1, 1], "texture": "#3"},
				"down": {"uv": [0, 0, 1, 1], "texture": "#3"}
			}
		},
		{
			"name": "hoof",
			"from": [8.5, 0, 10],
			"to": [9.5, 0.5, 11],
			"faces": {
				"north": {"uv": [3, 14, 4, 16], "texture": "#3"},
				"east": {"uv": [3, 14.5, 4, 15], "texture": "#3"},
				"south": {"uv": [3, 14.5, 4, 15], "texture": "#3"},
				"west": {"uv": [3, 14.5, 4, 15], "texture": "#3"},
				"up": {"uv": [3, 14.5, 4, 16], "texture": "#3"},
				"down": {"uv": [3, 15, 4, 16], "texture": "#3"}
			}
		},
		{
			"name": "leg",
			"from": [6, 0.5, 10],
			"to": [7, 7, 11],
			"faces": {
				"north": {"uv": [0, 0, 1, 6.5], "texture": "#3"},
				"east": {"uv": [0, 0, 1, 6.5], "texture": "#3"},
				"south": {"uv": [0, 0, 1, 6.5], "texture": "#3"},
				"west": {"uv": [0, 0, 1, 6.5], "texture": "#3"},
				"up": {"uv": [0, 0, 1, 1], "texture": "#3"},
				"down": {"uv": [0, 0, 1, 1], "texture": "#3"}
			}
		},
		{
			"name": "hoof",
			"from": [6, 0, 10],
			"to": [7, 0.5, 11],
			"faces": {
				"north": {"uv": [3, 14, 4, 16], "texture": "#3"},
				"east": {"uv": [3, 14.5, 4, 15], "texture": "#3"},
				"south": {"uv": [3, 14.5, 4, 15], "texture": "#3"},
				"west": {"uv": [3, 14.5, 4, 15], "texture": "#3"},
				"up": {"uv": [3, 14.5, 4, 16], "texture": "#3"},
				"down": {"uv": [3, 15, 4, 16], "texture": "#3"}
			}
		},
		{
			"name": "leg",
			"from": [8.5, 0.5, 4.5],
			"to": [9.5, 7, 5.5],
			"faces": {
				"north": {"uv": [0, 0, 1, 6.5], "texture": "#3"},
				"east": {"uv": [0, 0, 1, 6.5], "texture": "#3"},
				"south": {"uv": [0, 0, 1, 6.5], "texture": "#3"},
				"west": {"uv": [0, 0, 1, 6.5], "texture": "#3"},
				"up": {"uv": [0, 0, 1, 1], "texture": "#3"},
				"down": {"uv": [0, 0, 1, 1], "texture": "#3"}
			}
		},
		{
			"name": "hoof",
			"from": [8.5, 0, 4.5],
			"to": [9.5, 0.5, 5.5],
			"faces": {
				"north": {"uv": [3, 14, 4, 14.5], "texture": "#3"},
				"east": {"uv": [3, 14.5, 4, 15], "texture": "#3"},
				"south": {"uv": [3, 14.5, 4, 15], "texture": "#3"},
				"west": {"uv": [3, 14.5, 4, 15], "texture": "#3"},
				"up": {"uv": [3, 14.5, 4, 15.5], "texture": "#3"},
				"down": {"uv": [3, 15, 4, 16], "texture": "#3"}
			}
		},
		{
			"name": "leg",
			"from": [6, 0.5, 4.5],
			"to": [7, 7, 5.5],
			"faces": {
				"north": {"uv": [0, 0, 1, 6.5], "texture": "#3"},
				"east": {"uv": [0, 0, 1, 6.5], "texture": "#3"},
				"south": {"uv": [0, 0, 1, 6.5], "texture": "#3"},
				"west": {"uv": [0, 0, 1, 6.5], "texture": "#3"},
				"up": {"uv": [0, 0, 1, 1], "texture": "#3"},
				"down": {"uv": [0, 0, 1, 1], "texture": "#3"}
			}
		},
		{
			"name": "hoof",
			"from": [6, 0, 4.5],
			"to": [7, 0.5, 5.5],
			"faces": {
				"north": {"uv": [3, 14, 4, 16], "texture": "#3"},
				"east": {"uv": [3, 14.5, 4, 15], "texture": "#3"},
				"south": {"uv": [3, 14.5, 4, 15], "texture": "#3"},
				"west": {"uv": [3, 14.5, 4, 15], "texture": "#3"},
				"up": {"uv": [3, 14.5, 4, 16], "texture": "#3"},
				"down": {"uv": [3, 15, 4, 16], "texture": "#3"}
			}
		}
	],
	"display": {
		"thirdperson_lefthand": {
			"rotation": [30, 45, 0],
			"translation": [0, 0, 0],
			"scale": [0.4, 0.4, 0.4]
		},
		"thirdperson_righthand": {
			"rotation": [30, 45, 0],
			"translation": [0, 0, 0],
			"scale": [0.4, 0.4, 0.4]
		},
		"firstperson_lefthand": {
			"rotation": [0, 45, 0],
			"translation": [0, 1, 0],
			"scale": [0.4, 0.4, 0.4]
		},
		"firstperson_righthand": {
			"rotation": [0, 45, 0],
			"translation": [0, 1, 0],
			"scale": [0.4, 0.4, 0.4]
		},
		"gui": {
			"rotation": [30, 45, 0],
			"translation": [0, 0, 0],
			"scale": [0.65, 0.65, 0.65]
		},
		"ground": {
			"rotation": [0, 0, 180],
			"translation": [0, 0, 0]
		},
		"head": {
			"translation": [0, -13, 0],
			"scale": [4, 4, 4]
		},
		"fixed": {
			"rotation": [0, 0, 0],
			"translation": [0, 0, 0]
		}
	},
	"groups": [
		{
			"name": "antlers",
			"children": [0, 1, 2, 3, 4, 5, 6, 7, 8, 9, 10, 11, 12, 13]
		},
		{
			"name": "body",
			"children": [14, 15, 16, 17, 18, 19, 20, 21, 22]
		},
		{
			"name": "RBL",
			"origin": [8, 8, 10],
			"children": [23, 24]
		},
		{
			"name": "LBL",
			"children": [25, 26]
		},
		{
			"name": "RFL",
			"children": [27, 28]
		},
		{
			"name": "LFL",
			"children": [29, 30]
		}
	]
}