{
    "credit": "Made by BronGhast014 with Blockbench", 
    "textures": {
        "main": "christmas/raindeer_hurt"
    }, 
    "elements": [
        {
            "name": "body", 
            "from": [ 6.5, 5.5, 4.5 ], 
            "to":   [ 9, 8.5, 11 ], 
            "faces": {
                "north": { "uv": [ 0, 0, 1.25, 1.5 ], "texture": "#main" }, 
                "east":  { "uv": [ 0, 0, 3.25, 1.5 ], "texture": "#main" }, 
                "south": { "uv": [ 0, 0, 1.25, 1.5 ], "texture": "#main" }, 
                "west":  { "uv": [ 0, 0, 3.25, 1.5 ], "texture": "#main" }, 
                "up":    { "uv": [ 0, 0, 1.25, 3.25 ], "texture": "#main" }, 
                "down":  { "uv": [ 2.75, 4.25, 4, 7.5 ], "texture": "#main" }
            }
        }, 
        {
            "name": "leg", 
            "from": [ 6, 0.5, 4.5 ], 
            "to":   [ 7, 7, 5.5 ], 
            "faces": {
                "north": { "uv": [ 0, 0, 0.5, 3.25 ], "texture": "#main" }, 
                "east":  { "uv": [ 0, 0, 0.5, 3.25 ], "texture": "#main" }, 
                "south": { "uv": [ 0, 0, 0.5, 3.25 ], "texture": "#main" }, 
                "west":  { "uv": [ 0, 0, 0.5, 3.25 ], "texture": "#main" }, 
                "up":    { "uv": [ 0, 0, 0.5, 0.5 ], "texture": "#main" }, 
                "down":  { "uv": [ 0, 0, 0.5, 0.5 ], "texture": "#main" }
            }
        }, 
        {
            "name": "leg", 
            "from": [ 8.5, 0.5, 10 ], 
            "to":   [ 9.5, 7, 11 ], 
            "faces": {
                "north": { "uv": [ 0, 0, 0.5, 3.25 ], "texture": "#main" }, 
                "east":  { "uv": [ 0, 0, 0.5, 3.25 ], "texture": "#main" }, 
                "south": { "uv": [ 0, 0, 0.5, 3.25 ], "texture": "#main" }, 
                "west":  { "uv": [ 0, 0, 0.5, 3.25 ], "texture": "#main" }, 
                "up":    { "uv": [ 0, 0, 0.5, 0.5 ], "texture": "#main" }, 
                "down":  { "uv": [ 0, 0, 0.5, 0.5 ], "texture": "#main" }
            }
        }, 
        {
            "name": "leg", 
            "from": [ 6, 0.5, 10 ], 
            "to":   [ 7, 7, 11 ], 
            "faces": {
                "north": { "uv": [ 0, 0, 0.5, 3.25 ], "texture": "#main" }, 
                "east":  { "uv": [ 0, 0, 0.5, 3.25 ], "texture": "#main" }, 
                "south": { "uv": [ 0, 0, 0.5, 3.25 ], "texture": "#main" }, 
                "west":  { "uv": [ 0, 0, 0.5, 3.25 ], "texture": "#main" }, 
                "up":    { "uv": [ 0, 0, 0.5, 0.5 ], "texture": "#main" }, 
                "down":  { "uv": [ 0, 0, 0.5, 0.5 ], "texture": "#main" }
            }
        }, 
        {
            "name": "leg", 
            "from": [ 8.5, 0.5, 4.5 ], 
            "to":   [ 9.5, 7, 5.5 ], 
            "faces": {
                "north": { "uv": [ 0, 0, 0.5, 3.25 ], "texture": "#main" }, 
                "east":  { "uv": [ 0, 0, 0.5, 3.25 ], "texture": "#main" }, 
                "south": { "uv": [ 0, 0, 0.5, 3.25 ], "texture": "#main" }, 
                "west":  { "uv": [ 0, 0, 0.5, 3.25 ], "texture": "#main" }, 
                "up":    { "uv": [ 0, 0, 0.5, 0.5 ], "texture": "#main" }, 
                "down":  { "uv": [ 0, 0, 0.5, 0.5 ], "texture": "#main" }
            }
        }, 
        {
            "name": "hoof", 
            "from": [ 6, 0, 4.5 ], 
            "to":   [ 7, 0.5, 5.5 ], 
            "faces": {
                "north": { "uv": [ 1.5, 7, 2, 8 ], "texture": "#main" }, 
                "east":  { "uv": [ 1.5, 7.25, 2, 7.5 ], "texture": "#main" }, 
                "south": { "uv": [ 1.5, 7.25, 2, 7.5 ], "texture": "#main" }, 
                "west":  { "uv": [ 1.5, 7.25, 2, 7.5 ], "texture": "#main" }, 
                "up":    { "uv": [ 1.5, 7.25, 2, 8 ], "texture": "#main" }, 
                "down":  { "uv": [ 1.5, 7.5, 2, 8 ], "texture": "#main" }
            }
        }, 
        {
            "name": "hoof", 
            "from": [ 8.5, 0, 10 ], 
            "to":   [ 9.5, 0.5, 11 ], 
            "faces": {
                "north": { "uv": [ 1.5, 7, 2, 8 ], "texture": "#main" }, 
                "east":  { "uv": [ 1.5, 7.25, 2, 7.5 ], "texture": "#main" }, 
                "south": { "uv": [ 1.5, 7.25, 2, 7.5 ], "texture": "#main" }, 
                "west":  { "uv": [ 1.5, 7.25, 2, 7.5 ], "texture": "#main" }, 
                "up":    { "uv": [ 1.5, 7.25, 2, 8 ], "texture": "#main" }, 
                "down":  { "uv": [ 1.5, 7.5, 2, 8 ], "texture": "#main" }
            }
        }, 
        {
            "name": "hoof", 
            "from": [ 6, 0, 10 ], 
            "to":   [ 7, 0.5, 11 ], 
            "faces": {
                "north": { "uv": [ 1.5, 7, 2, 8 ], "texture": "#main" }, 
                "east":  { "uv": [ 1.5, 7.25, 2, 7.5 ], "texture": "#main" }, 
                "south": { "uv": [ 1.5, 7.25, 2, 7.5 ], "texture": "#main" }, 
                "west":  { "uv": [ 1.5, 7.25, 2, 7.5 ], "texture": "#main" }, 
                "up":    { "uv": [ 1.5, 7.25, 2, 8 ], "texture": "#main" }, 
                "down":  { "uv": [ 1.5, 7.5, 2, 8 ], "texture": "#main" }
            }
        }, 
        {
            "name": "hoof", 
            "from": [ 8.5, 0, 4.5 ], 
            "to":   [ 9.5, 0.5, 5.5 ], 
            "faces": {
                "north": { "uv": [ 1.5, 7, 2, 7.25 ], "texture": "#main" }, 
                "east":  { "uv": [ 1.5, 7.25, 2, 7.5 ], "texture": "#main" }, 
                "south": { "uv": [ 1.5, 7.25, 2, 7.5 ], "texture": "#main" }, 
                "west":  { "uv": [ 1.5, 7.25, 2, 7.5 ], "texture": "#main" }, 
                "up":    { "uv": [ 1.5, 7.25, 2, 7.75 ], "texture": "#main" }, 
                "down":  { "uv": [ 1.5, 7.5, 2, 8 ], "texture": "#main" }
            }
        }, 
        {
            "name": "tale", 
            "from": [ 7.4, 8, 10.5 ], 
            "to":   [ 8.2, 8.5, 12.5 ], 
            "rotation": { "angle": 22.5, "axis": "x", "origin": [8, 8, 8] }, 
            "faces": {
                "north": { "uv": [ 0, 0, 0.4, 0.25 ], "texture": "#main" }, 
                "east":  { "uv": [ 0, 0, 1, 0.25 ], "texture": "#main" }, 
                "south": { "uv": [ 0, 0, 0.4, 0.25 ], "texture": "#main" }, 
                "west":  { "uv": [ 0, 0, 1, 0.25 ], "texture": "#main" }, 
                "up":    { "uv": [ 0, 0, 0.4, 1 ], "texture": "#main" }, 
                "down":  { "uv": [ 1.75, 4.5, 2.14967, 5.5 ], "texture": "#main" }
            }
        }, 
        {
            "name": "neck", 
            "from": [ 7, 7.5, 4 ], 
            "to":   [ 8.5, 12, 6 ], 
            "faces": {
                "north": { "uv": [ 7, 0, 8, 2.75 ], "texture": "#main" }, 
                "east":  { "uv": [ 0, 0, 1, 2.25 ], "texture": "#main" }, 
                "south": { "uv": [ 0, 0, 0.75, 2.25 ], "texture": "#main" }, 
                "west":  { "uv": [ 0, 0, 1, 2.25 ], "texture": "#main" }, 
                "up":    { "uv": [ 0, 0, 0.75, 1 ], "texture": "#main" }, 
                "down":  { "uv": [ 0, 0, 0.75, 1 ], "texture": "#main" }
            }
        }, 
        {
            "name": "head", 
            "from": [ 6.5, 12, 3 ], 
            "to":   [ 9, 14, 6 ], 
            "faces": {
                "north": { "uv": [ 0, 0, 3, 2.5 ], "texture": "#main" }, 
                "east":  { "uv": [ 5, 0, 6.75, 1.25 ], "texture": "#main" }, 
                "south": { "uv": [ 0, 0, 3, 2.5 ], "texture": "#main" }, 
                "west":  { "uv": [ 5.25, 0, 7, 1.25 ], "texture": "#main" }, 
                "up":    { "uv": [ 0, 0, 3, 3.5 ], "texture": "#main" }, 
                "down":  { "uv": [ 0, 0, 1.25, 1.5 ], "rotation":180, "texture": "#main" }
            }
        }, 
        {
            "name": "nose", 
            "from": [ 7, 12.5, 1.5 ], 
            "to":   [ 8.5, 13.5, 3 ], 
            "faces": {
                "north": { "uv": [ 0, 0, 0.75, 0.5 ], "texture": "#main" }, 
                "east":  { "uv": [ 0, 0, 0.75, 0.5 ], "texture": "#main" }, 
                "south": { "uv": [ 0, 0, 0.75, 0.5 ], "texture": "#main" }, 
                "west":  { "uv": [ 0, 0, 0.75, 0.5 ], "texture": "#main" }, 
                "up":    { "uv": [ 0, 0, 0.75, 0.75 ], "texture": "#main" }, 
                "down":  { "uv": [ 0, 0, 0.75, 0.75 ], "texture": "#main" }
            }
        }, 
        {
            "name": "mouth", 
            "from": [ 7, 12, 1.5 ], 
            "to":   [ 8.5, 12.5, 3.1 ], 
            "faces": {
                "north": { "uv": [ 0, 0, 0.75, 0.25 ], "texture": "#main" }, 
                "east":  { "uv": [ 0, 0, 0.8, 0.25 ], "texture": "#main" }, 
                "south": { "uv": [ 0, 0, 0.75, 0.25 ], "texture": "#main" }, 
                "west":  { "uv": [ 0, 0, 0.8, 0.25 ], "texture": "#main" }, 
                "up":    { "uv": [ 0, 0, 0.75, 0.8 ], "texture": "#main" }, 
                "down":  { "uv": [ 1.25, 0.75, 2, 1.549755 ], "texture": "#main" }
            }
        }, 
        {
            "name": "nosenose", 
            "from": [ 7.5, 13.1, 1.4 ], 
            "to":   [ 8, 13.6, 1.9 ], 
            "faces": {
                "north": { "uv": [ 0.25, 7.5, 0.5, 7.75 ], "texture": "#main" }, 
                "east":  { "uv": [ 0.25, 7.5, 0.5, 7.75 ], "texture": "#main" }, 
                "south": { "uv": [ 0.25, 7.5, 0.5, 7.75 ], "texture": "#main" }, 
                "west":  { "uv": [ 0.25, 7.5, 0.5, 7.75 ], "texture": "#main" }, 
                "up":    { "uv": [ 0.25, 7.5, 0.5, 7.75 ], "texture": "#main" }, 
                "down":  { "uv": [ 0.25, 7.5, 0.5, 7.75 ], "texture": "#main" }
            }
        }, 
        {
            "name": "ear", 
            "from": [ 8.5, 13.5, 5 ], 
            "to":   [ 9.5, 15, 5.5 ], 
            "rotation": { "angle": -22.5, "axis": "z", "origin": [9, 14, 5] }, 
            "faces": {
                "north": { "uv": [ 0, 0, 0.5, 0.75 ], "texture": "#main" }, 
                "east":  { "uv": [ 0, 0, 0.25, 0.75 ], "texture": "#main" }, 
                "south": { "uv": [ 0, 0, 0.5, 0.75 ], "texture": "#main" }, 
                "west":  { "uv": [ 0, 0, 0.25, 0.75 ], "texture": "#main" }, 
                "up":    { "uv": [ 0, 0, 0.5, 0.25 ], "texture": "#main" }, 
                "down":  { "uv": [ 0, 0, 0.5, 0.25 ], "texture": "#main" }
            }
        }, 
        {
            "name": "ear", 
            "from": [ 6, 13.5, 5 ], 
            "to":   [ 7, 15, 5.5 ], 
            "rotation": { "angle": 22.5, "axis": "z", "origin": [6.5, 14, 5] }, 
            "faces": {
                "north": { "uv": [ 0, 0, 0.5, 0.75 ], "texture": "#main" }, 
                "east":  { "uv": [ 0, 0, 0.25, 0.75 ], "texture": "#main" }, 
                "south": { "uv": [ 0, 0, 0.5, 0.75 ], "texture": "#main" }, 
                "west":  { "uv": [ 0, 0, 0.25, 0.75 ], "texture": "#main" }, 
                "up":    { "uv": [ 0, 0, 0.5, 0.25 ], "texture": "#main" }, 
                "down":  { "uv": [ 0, 0, 0.5, 0.25 ], "texture": "#main" }
            }
        }, 
        {
            "name": "left antler", 
            "from": [ 6.7, 14, 5.3 ], 
            "to":   [ 7.2, 16.7, 5.8 ], 
            "rotation": { "angle": 45, "axis": "x", "origin": [6.9, 14, 5.5] }, 
            "faces": {
                "north": { "uv": [ 4.25, 4.75, 4.75, 5.75 ], "texture": "#main" }, 
                "east":  { "uv": [ 4.25, 4.75, 4.75, 5.75 ], "texture": "#main" }, 
                "south": { "uv": [ 4.25, 4.75, 4.75, 5.75 ], "texture": "#main" }, 
                "west":  { "uv": [ 4.25, 4.75, 4.75, 5.75 ], "texture": "#main" }, 
                "up":    { "uv": [ 4.25, 4.75, 4.75, 5.75 ], "texture": "#main" }, 
                "down":  { "uv": [ 4.25, 4.75, 4.75, 5.75 ], "texture": "#main" }
            }
        }, 
        {
            "name": "left antler", 
            "from": [ 6.7, 15, 6.3 ], 
            "to":   [ 7.2, 16, 6.8 ], 
            "rotation": { "angle": -22.5, "axis": "x", "origin": [6.9, 16, 6.5] }, 
            "faces": {
                "north": { "uv": [ 4.25, 4.75, 4.75, 5.75 ], "texture": "#main" }, 
                "east":  { "uv": [ 4.25, 4.75, 4.75, 5.75 ], "texture": "#main" }, 
                "south": { "uv": [ 4.25, 4.75, 4.75, 5.75 ], "texture": "#main" }, 
                "west":  { "uv": [ 4.25, 4.75, 4.75, 5.75 ], "texture": "#main" }, 
                "up":    { "uv": [ 4.25, 4.75, 4.75, 5.75 ], "texture": "#main" }, 
                "down":  { "uv": [ 4.25, 4.75, 4.75, 5.75 ], "texture": "#main" }
            }
        }, 
        {
            "name": "left antler", 
            "from": [ 6.7, 15.8, 6.3 ], 
            "to":   [ 7.2, 16.6, 6.8 ], 
            "rotation": { "angle": -45, "axis": "x", "origin": [6.9, 16, 6.6] }, 
            "faces": {
                "north": { "uv": [ 4.25, 4.75, 4.75, 5.75 ], "texture": "#main" }, 
                "east":  { "uv": [ 4.25, 4.75, 4.75, 5.75 ], "texture": "#main" }, 
                "south": { "uv": [ 4.25, 4.75, 4.75, 5.75 ], "texture": "#main" }, 
                "west":  { "uv": [ 4.25, 4.75, 4.75, 5.75 ], "texture": "#main" }, 
                "up":    { "uv": [ 4.25, 4.75, 4.75, 5.75 ], "texture": "#main" }, 
                "down":  { "uv": [ 4.25, 4.75, 4.75, 5.75 ], "texture": "#main" }
            }
        }, 
        {
            "name": "left antler", 
            "from": [ 6.7, 16.1, 4.8 ], 
            "to":   [ 7.2, 16.6, 6.3 ], 
            "faces": {
                "north": { "uv": [ 4.25, 4.75, 4.75, 5.75 ], "texture": "#main" }, 
                "east":  { "uv": [ 4.25, 4.75, 4.75, 5.75 ], "texture": "#main" }, 
                "south": { "uv": [ 4.25, 4.75, 4.75, 5.75 ], "texture": "#main" }, 
                "west":  { "uv": [ 4.25, 4.75, 4.75, 5.75 ], "texture": "#main" }, 
                "up":    { "uv": [ 4.25, 4.75, 4.75, 5.75 ], "texture": "#main" }, 
                "down":  { "uv": [ 4.25, 4.75, 4.75, 5.75 ], "texture": "#main" }
            }
        }, 
        {
            "name": "left antler", 
            "from": [ 6.7, 16.2, 4.6 ], 
            "to":   [ 7.2, 17.4, 5.1 ], 
            "rotation": { "angle": -22.5, "axis": "x", "origin": [6.9, 16.5, 5] }, 
            "faces": {
                "north": { "uv": [ 4.25, 4.75, 4.75, 5.75 ], "texture": "#main" }, 
                "east":  { "uv": [ 4.25, 4.75, 4.75, 5.75 ], "texture": "#main" }, 
                "south": { "uv": [ 4.25, 4.75, 4.75, 5.75 ], "texture": "#main" }, 
                "west":  { "uv": [ 4.25, 4.75, 4.75, 5.75 ], "texture": "#main" }, 
                "up":    { "uv": [ 4.25, 4.75, 4.75, 5.75 ], "texture": "#main" }, 
                "down":  { "uv": [ 4.25, 4.75, 4.75, 5.75 ], "texture": "#main" }
            }
        }, 
        {
            "name": "left antler", 
            "from": [ 6.7, 16.6, 5.4 ], 
            "to":   [ 7.2, 17.1, 5.9 ], 
            "faces": {
                "north": { "uv": [ 4.25, 4.75, 4.75, 5.75 ], "texture": "#main" }, 
                "east":  { "uv": [ 4.25, 4.75, 4.75, 5.75 ], "texture": "#main" }, 
                "south": { "uv": [ 4.25, 4.75, 4.75, 5.75 ], "texture": "#main" }, 
                "west":  { "uv": [ 4.25, 4.75, 4.75, 5.75 ], "texture": "#main" }, 
                "up":    { "uv": [ 4.25, 4.75, 4.75, 5.75 ], "texture": "#main" }, 
                "down":  { "uv": [ 4.25, 4.75, 4.75, 5.75 ], "texture": "#main" }
            }
        }, 
        {
            "name": "left antler", 
            "from": [ 6.7, 16.3, 6.5 ], 
            "to":   [ 7.2, 16.8, 7 ], 
            "rotation": { "angle": 45, "axis": "x", "origin": [6.9, 16.5, 6.6] }, 
            "faces": {
                "north": { "uv": [ 4.25, 4.75, 4.75, 5.75 ], "texture": "#main" }, 
                "east":  { "uv": [ 4.25, 4.75, 4.75, 5.75 ], "texture": "#main" }, 
                "south": { "uv": [ 4.25, 4.75, 4.75, 5.75 ], "texture": "#main" }, 
                "west":  { "uv": [ 4.25, 4.75, 4.75, 5.75 ], "texture": "#main" }, 
                "up":    { "uv": [ 4.25, 4.75, 4.75, 5.75 ], "texture": "#main" }, 
                "down":  { "uv": [ 4.25, 4.75, 4.75, 5.75 ], "texture": "#main" }
            }
        }, 
        {
            "name": "right antler", 
            "from": [ 8.3, 14, 5.3 ], 
            "to":   [ 8.8, 16.7, 5.8 ], 
            "rotation": { "angle": 45, "axis": "x", "origin": [6.9, 14, 5.5] }, 
            "faces": {
                "north": { "uv": [ 4.25, 4.75, 4.75, 5.75 ], "texture": "#main" }, 
                "east":  { "uv": [ 4.25, 4.75, 4.75, 5.75 ], "texture": "#main" }, 
                "south": { "uv": [ 4.25, 4.75, 4.75, 5.75 ], "texture": "#main" }, 
                "west":  { "uv": [ 4.25, 4.75, 4.75, 5.75 ], "texture": "#main" }, 
                "up":    { "uv": [ 4.25, 4.75, 4.75, 5.75 ], "texture": "#main" }, 
                "down":  { "uv": [ 4.25, 4.75, 4.75, 5.75 ], "texture": "#main" }
            }
        }, 
        {
            "name": "right antler", 
            "from": [ 8.3, 15, 6.3 ], 
            "to":   [ 8.8, 16, 6.8 ], 
            "rotation": { "angle": -22.5, "axis": "x", "origin": [6.9, 16, 6.5] }, 
            "faces": {
                "north": { "uv": [ 4.25, 4.75, 4.75, 5.75 ], "texture": "#main" }, 
                "east":  { "uv": [ 4.25, 4.75, 4.75, 5.75 ], "texture": "#main" }, 
                "south": { "uv": [ 4.25, 4.75, 4.75, 5.75 ], "texture": "#main" }, 
                "west":  { "uv": [ 4.25, 4.75, 4.75, 5.75 ], "texture": "#main" }, 
                "up":    { "uv": [ 4.25, 4.75, 4.75, 5.75 ], "texture": "#main" }, 
                "down":  { "uv": [ 4.25, 4.75, 4.75, 5.75 ], "texture": "#main" }
            }
        }, 
        {
            "name": "right antler", 
            "from": [ 8.3, 15.8, 6.3 ], 
            "to":   [ 8.8, 16.6, 6.8 ], 
            "rotation": { "angle": -45, "axis": "x", "origin": [6.9, 16, 6.6] }, 
            "faces": {
                "north": { "uv": [ 4.25, 4.75, 4.75, 5.75 ], "texture": "#main" }, 
                "east":  { "uv": [ 4.25, 4.75, 4.75, 5.75 ], "texture": "#main" }, 
                "south": { "uv": [ 4.25, 4.75, 4.75, 5.75 ], "texture": "#main" }, 
                "west":  { "uv": [ 4.25, 4.75, 4.75, 5.75 ], "texture": "#main" }, 
                "up":    { "uv": [ 4.25, 4.75, 4.75, 5.75 ], "texture": "#main" }, 
                "down":  { "uv": [ 4.25, 4.75, 4.75, 5.75 ], "texture": "#main" }
            }
        }, 
        {
            "name": "right antler", 
            "from": [ 8.3, 16.1, 4.8 ], 
            "to":   [ 8.8, 16.6, 6.3 ], 
            "faces": {
                "north": { "uv": [ 4.25, 4.75, 4.75, 5.75 ], "texture": "#main" }, 
                "east":  { "uv": [ 4.25, 4.75, 4.75, 5.75 ], "texture": "#main" }, 
                "south": { "uv": [ 4.25, 4.75, 4.75, 5.75 ], "texture": "#main" }, 
                "west":  { "uv": [ 4.25, 4.75, 4.75, 5.75 ], "texture": "#main" }, 
                "up":    { "uv": [ 4.25, 4.75, 4.75, 5.75 ], "texture": "#main" }, 
                "down":  { "uv": [ 4.25, 4.75, 4.75, 5.75 ], "texture": "#main" }
            }
        }, 
        {
            "name": "right antler", 
            "from": [ 8.3, 16.2, 4.6 ], 
            "to":   [ 8.8, 17.4, 5.1 ], 
            "rotation": { "angle": -22.5, "axis": "x", "origin": [6.9, 16.5, 5] }, 
            "faces": {
                "north": { "uv": [ 4.25, 4.75, 4.75, 5.75 ], "texture": "#main" }, 
                "east":  { "uv": [ 4.25, 4.75, 4.75, 5.75 ], "texture": "#main" }, 
                "south": { "uv": [ 4.25, 4.75, 4.75, 5.75 ], "texture": "#main" }, 
                "west":  { "uv": [ 4.25, 4.75, 4.75, 5.75 ], "texture": "#main" }, 
                "up":    { "uv": [ 4.25, 4.75, 4.75, 5.75 ], "texture": "#main" }, 
                "down":  { "uv": [ 4.25, 4.75, 4.75, 5.75 ], "texture": "#main" }
            }
        }, 
        {
            "name": "right antler", 
            "from": [ 8.3, 16.6, 5.4 ], 
            "to":   [ 8.8, 17.1, 5.9 ], 
            "faces": {
                "north": { "uv": [ 4.25, 4.75, 4.75, 5.75 ], "texture": "#main" }, 
                "east":  { "uv": [ 4.25, 4.75, 4.75, 5.75 ], "texture": "#main" }, 
                "south": { "uv": [ 4.25, 4.75, 4.75, 5.75 ], "texture": "#main" }, 
                "west":  { "uv": [ 4.25, 4.75, 4.75, 5.75 ], "texture": "#main" }, 
                "up":    { "uv": [ 4.25, 4.75, 4.75, 5.75 ], "texture": "#main" }, 
                "down":  { "uv": [ 4.25, 4.75, 4.75, 5.75 ], "texture": "#main" }
            }
        }, 
        {
            "name": "right antler", 
            "from": [ 8.3, 16.3, 6.5 ], 
            "to":   [ 8.8, 16.8, 7 ], 
            "rotation": { "angle": 45, "axis": "x", "origin": [6.9, 16.5, 6.6] }, 
            "faces": {
                "north": { "uv": [ 4.25, 4.75, 4.75, 5.75 ], "texture": "#main" }, 
                "east":  { "uv": [ 4.25, 4.75, 4.75, 5.75 ], "texture": "#main" }, 
                "south": { "uv": [ 4.25, 4.75, 4.75, 5.75 ], "texture": "#main" }, 
                "west":  { "uv": [ 4.25, 4.75, 4.75, 5.75 ], "texture": "#main" }, 
                "up":    { "uv": [ 4.25, 4.75, 4.75, 5.75 ], "texture": "#main" }, 
                "down":  { "uv": [ 4.25, 4.75, 4.75, 5.75 ], "texture": "#main" }
            }
        }, 
        {
            "name": "left antler", 
            "from": [ 6.7, 14, 5.3 ], 
            "to":   [ 7.2, 16.7, 5.8 ], 
            "rotation": { "angle": 45, "axis": "x", "origin": [6.9, 14, 5.5] }, 
            "faces": {
                "north": { "uv": [ 12.25, 4.75, 12.75, 5.75 ], "texture": "#main" }, 
                "east":  { "uv": [ 12.25, 4.75, 12.75, 5.75 ], "texture": "#main" }, 
                "south": { "uv": [ 12.25, 4.75, 12.75, 5.75 ], "texture": "#main" }, 
                "west":  { "uv": [ 12.25, 4.75, 12.75, 5.75 ], "texture": "#main" }, 
                "up":    { "uv": [ 12.25, 4.75, 12.75, 5.75 ], "texture": "#main" }, 
                "down":  { "uv": [ 12.25, 4.75, 12.75, 5.75 ], "texture": "#main" }
            }
        }, 
        {
            "name": "left antler", 
            "from": [ 6.7, 15, 6.3 ], 
            "to":   [ 7.2, 16, 6.8 ], 
            "rotation": { "angle": -22.5, "axis": "x", "origin": [6.9, 16, 6.5] }, 
            "faces": {
                "north": { "uv": [ 12.25, 4.75, 12.75, 5.75 ], "texture": "#main" }, 
                "east":  { "uv": [ 12.25, 4.75, 12.75, 5.75 ], "texture": "#main" }, 
                "south": { "uv": [ 12.25, 4.75, 12.75, 5.75 ], "texture": "#main" }, 
                "west":  { "uv": [ 12.25, 4.75, 12.75, 5.75 ], "texture": "#main" }, 
                "up":    { "uv": [ 12.25, 4.75, 12.75, 5.75 ], "texture": "#main" }, 
                "down":  { "uv": [ 12.25, 4.75, 12.75, 5.75 ], "texture": "#main" }
            }
        }, 
        {
            "name": "left antler", 
            "from": [ 6.7, 15.8, 6.3 ], 
            "to":   [ 7.2, 16.6, 6.8 ], 
            "rotation": { "angle": -45, "axis": "x", "origin": [6.9, 16, 6.6] }, 
            "faces": {
                "north": { "uv": [ 12.25, 4.75, 12.75, 5.75 ], "texture": "#main" }, 
                "east":  { "uv": [ 12.25, 4.75, 12.75, 5.75 ], "texture": "#main" }, 
                "south": { "uv": [ 12.25, 4.75, 12.75, 5.75 ], "texture": "#main" }, 
                "west":  { "uv": [ 12.25, 4.75, 12.75, 5.75 ], "texture": "#main" }, 
                "up":    { "uv": [ 12.25, 4.75, 12.75, 5.75 ], "texture": "#main" }, 
                "down":  { "uv": [ 12.25, 4.75, 12.75, 5.75 ], "texture": "#main" }
            }
        }, 
        {
            "name": "left antler", 
            "from": [ 6.7, 16.1, 4.8 ], 
            "to":   [ 7.2, 16.6, 6.3 ], 
            "faces": {
                "north": { "uv": [ 12.25, 4.75, 12.75, 5.75 ], "texture": "#main" }, 
                "east":  { "uv": [ 12.25, 4.75, 12.75, 5.75 ], "texture": "#main" }, 
                "south": { "uv": [ 12.25, 4.75, 12.75, 5.75 ], "texture": "#main" }, 
                "west":  { "uv": [ 12.25, 4.75, 12.75, 5.75 ], "texture": "#main" }, 
                "up":    { "uv": [ 12.25, 4.75, 12.75, 5.75 ], "texture": "#main" }, 
                "down":  { "uv": [ 12.25, 4.75, 12.75, 5.75 ], "texture": "#main" }
            }
        }, 
        {
            "name": "left antler", 
            "from": [ 6.7, 16.2, 4.6 ], 
            "to":   [ 7.2, 17.4, 5.1 ], 
            "rotation": { "angle": -22.5, "axis": "x", "origin": [6.9, 16.5, 5] }, 
            "faces": {
                "north": { "uv": [ 12.25, 4.75, 12.75, 5.75 ], "texture": "#main" }, 
                "east":  { "uv": [ 12.25, 4.75, 12.75, 5.75 ], "texture": "#main" }, 
                "south": { "uv": [ 12.25, 4.75, 12.75, 5.75 ], "texture": "#main" }, 
                "west":  { "uv": [ 12.25, 4.75, 12.75, 5.75 ], "texture": "#main" }, 
                "up":    { "uv": [ 12.25, 4.75, 12.75, 5.75 ], "texture": "#main" }, 
                "down":  { "uv": [ 12.25, 4.75, 12.75, 5.75 ], "texture": "#main" }
            }
        }, 
        {
            "name": "left antler", 
            "from": [ 6.7, 16.6, 5.4 ], 
            "to":   [ 7.2, 17.1, 5.9 ], 
            "faces": {
                "north": { "uv": [ 12.25, 4.75, 12.75, 5.75 ], "texture": "#main" }, 
                "east":  { "uv": [ 12.25, 4.75, 12.75, 5.75 ], "texture": "#main" }, 
                "south": { "uv": [ 12.25, 4.75, 12.75, 5.75 ], "texture": "#main" }, 
                "west":  { "uv": [ 12.25, 4.75, 12.75, 5.75 ], "texture": "#main" }, 
                "up":    { "uv": [ 12.25, 4.75, 12.75, 5.75 ], "texture": "#main" }, 
                "down":  { "uv": [ 12.25, 4.75, 12.75, 5.75 ], "texture": "#main" }
            }
        }, 
        {
            "name": "left antler", 
            "from": [ 6.7, 16.3, 6.5 ], 
            "to":   [ 7.2, 16.8, 7 ], 
            "rotation": { "angle": 45, "axis": "x", "origin": [6.9, 16.5, 6.6] }, 
            "faces": {
                "north": { "uv": [ 12.25, 4.75, 12.75, 5.75 ], "texture": "#main" }, 
                "east":  { "uv": [ 12.25, 4.75, 12.75, 5.75 ], "texture": "#main" }, 
                "south": { "uv": [ 12.25, 4.75, 12.75, 5.75 ], "texture": "#main" }, 
                "west":  { "uv": [ 12.25, 4.75, 12.75, 5.75 ], "texture": "#main" }, 
                "up":    { "uv": [ 12.25, 4.75, 12.75, 5.75 ], "texture": "#main" }, 
                "down":  { "uv": [ 12.25, 4.75, 12.75, 5.75 ], "texture": "#main" }
            }
        }, 
        {
            "name": "right antler", 
            "from": [ 8.3, 14, 5.3 ], 
            "to":   [ 8.8, 16.7, 5.8 ], 
            "rotation": { "angle": 45, "axis": "x", "origin": [6.9, 14, 5.5] }, 
            "faces": {
                "north": { "uv": [ 12.25, 4.75, 12.75, 5.75 ], "texture": "#main" }, 
                "east":  { "uv": [ 12.25, 4.75, 12.75, 5.75 ], "texture": "#main" }, 
                "south": { "uv": [ 12.25, 4.75, 12.75, 5.75 ], "texture": "#main" }, 
                "west":  { "uv": [ 12.25, 4.75, 12.75, 5.75 ], "texture": "#main" }, 
                "up":    { "uv": [ 12.25, 4.75, 12.75, 5.75 ], "texture": "#main" }, 
                "down":  { "uv": [ 12.25, 4.75, 12.75, 5.75 ], "texture": "#main" }
            }
        }, 
        {
            "name": "right antler", 
            "from": [ 8.3, 15, 6.3 ], 
            "to":   [ 8.8, 16, 6.8 ], 
            "rotation": { "angle": -22.5, "axis": "x", "origin": [6.9, 16, 6.5] }, 
            "faces": {
                "north": { "uv": [ 12.25, 4.75, 12.75, 5.75 ], "texture": "#main" }, 
                "east":  { "uv": [ 12.25, 4.75, 12.75, 5.75 ], "texture": "#main" }, 
                "south": { "uv": [ 12.25, 4.75, 12.75, 5.75 ], "texture": "#main" }, 
                "west":  { "uv": [ 12.25, 4.75, 12.75, 5.75 ], "texture": "#main" }, 
                "up":    { "uv": [ 12.25, 4.75, 12.75, 5.75 ], "texture": "#main" }, 
                "down":  { "uv": [ 12.25, 4.75, 12.75, 5.75 ], "texture": "#main" }
            }
        }, 
        {
            "name": "right antler", 
            "from": [ 8.3, 15.8, 6.3 ], 
            "to":   [ 8.8, 16.6, 6.8 ], 
            "rotation": { "angle": -45, "axis": "x", "origin": [6.9, 16, 6.6] }, 
            "faces": {
                "north": { "uv": [ 12.25, 4.75, 12.75, 5.75 ], "texture": "#main" }, 
                "east":  { "uv": [ 12.25, 4.75, 12.75, 5.75 ], "texture": "#main" }, 
                "south": { "uv": [ 12.25, 4.75, 12.75, 5.75 ], "texture": "#main" }, 
                "west":  { "uv": [ 12.25, 4.75, 12.75, 5.75 ], "texture": "#main" }, 
                "up":    { "uv": [ 12.25, 4.75, 12.75, 5.75 ], "texture": "#main" }, 
                "down":  { "uv": [ 12.25, 4.75, 12.75, 5.75 ], "texture": "#main" }
            }
        }, 
        {
            "name": "right antler", 
            "from": [ 8.3, 16.1, 4.8 ], 
            "to":   [ 8.8, 16.6, 6.3 ], 
            "faces": {
                "north": { "uv": [ 12.25, 4.75, 12.75, 5.75 ], "texture": "#main" }, 
                "east":  { "uv": [ 12.25, 4.75, 12.75, 5.75 ], "texture": "#main" }, 
                "south": { "uv": [ 12.25, 4.75, 12.75, 5.75 ], "texture": "#main" }, 
                "west":  { "uv": [ 12.25, 4.75, 12.75, 5.75 ], "texture": "#main" }, 
                "up":    { "uv": [ 12.25, 4.75, 12.75, 5.75 ], "texture": "#main" }, 
                "down":  { "uv": [ 12.25, 4.75, 12.75, 5.75 ], "texture": "#main" }
            }
        }, 
        {
            "name": "right antler", 
            "from": [ 8.3, 16.2, 4.6 ], 
            "to":   [ 8.8, 17.4, 5.1 ], 
            "rotation": { "angle": -22.5, "axis": "x", "origin": [6.9, 16.5, 5] }, 
            "faces": {
                "north": { "uv": [ 12.25, 4.75, 12.75, 5.75 ], "texture": "#main" }, 
                "east":  { "uv": [ 12.25, 4.75, 12.75, 5.75 ], "texture": "#main" }, 
                "south": { "uv": [ 12.25, 4.75, 12.75, 5.75 ], "texture": "#main" }, 
                "west":  { "uv": [ 12.25, 4.75, 12.75, 5.75 ], "texture": "#main" }, 
                "up":    { "uv": [ 12.25, 4.75, 12.75, 5.75 ], "texture": "#main" }, 
                "down":  { "uv": [ 12.25, 4.75, 12.75, 5.75 ], "texture": "#main" }
            }
        }, 
        {
            "name": "right antler", 
            "from": [ 8.3, 16.6, 5.4 ], 
            "to":   [ 8.8, 17.1, 5.9 ], 
            "faces": {
                "north": { "uv": [ 12.25, 4.75, 12.75, 5.75 ], "texture": "#main" }, 
                "east":  { "uv": [ 12.25, 4.75, 12.75, 5.75 ], "texture": "#main" }, 
                "south": { "uv": [ 12.25, 4.75, 12.75, 5.75 ], "texture": "#main" }, 
                "west":  { "uv": [ 12.25, 4.75, 12.75, 5.75 ], "texture": "#main" }, 
                "up":    { "uv": [ 12.25, 4.75, 12.75, 5.75 ], "texture": "#main" }, 
                "down":  { "uv": [ 12.25, 4.75, 12.75, 5.75 ], "texture": "#main" }
            }
        }, 
        {
            "name": "right antler", 
            "from": [ 8.3, 16.3, 6.5 ], 
            "to":   [ 8.8, 16.8, 7 ], 
            "rotation": { "angle": 45, "axis": "x", "origin": [6.9, 16.5, 6.6] }, 
            "faces": {
                "north": { "uv": [ 12.25, 4.75, 12.75, 5.75 ], "texture": "#main" }, 
                "east":  { "uv": [ 12.25, 4.75, 12.75, 5.75 ], "texture": "#main" }, 
                "south": { "uv": [ 12.25, 4.75, 12.75, 5.75 ], "texture": "#main" }, 
                "west":  { "uv": [ 12.25, 4.75, 12.75, 5.75 ], "texture": "#main" }, 
                "up":    { "uv": [ 12.25, 4.75, 12.75, 5.75 ], "texture": "#main" }, 
                "down":  { "uv": [ 12.25, 4.75, 12.75, 5.75 ], "texture": "#main" }
            }
        }, 
        {
            "name": "ear", 
            "from": [ 6, 13.5, 5 ], 
            "to":   [ 7, 15, 5.5 ], 
            "rotation": { "angle": 22.5, "axis": "z", "origin": [6.5, 14, 5] }, 
            "faces": {
                "north": { "uv": [ 8, 0, 8.5, 0.75 ], "texture": "#main" }, 
                "east":  { "uv": [ 8, 0, 8.25, 0.75 ], "texture": "#main" }, 
                "south": { "uv": [ 8, 0, 8.5, 0.75 ], "texture": "#main" }, 
                "west":  { "uv": [ 8, 0, 8.25, 0.75 ], "texture": "#main" }, 
                "up":    { "uv": [ 8, 0, 8.5, 0.25 ], "texture": "#main" }, 
                "down":  { "uv": [ 8, 0, 8.5, 0.25 ], "texture": "#main" }
            }
        }, 
        {
            "name": "body", 
            "from": [ 6.5, 5.5, 4.5 ], 
            "to":   [ 9, 8.5, 11 ], 
            "faces": {
                "north": { "uv": [ 8, 0, 9.25, 1.5 ], "texture": "#main" }, 
                "east":  { "uv": [ 8, 0, 11.25, 1.5 ], "texture": "#main" }, 
                "south": { "uv": [ 8, 0, 9.25, 1.5 ], "texture": "#main" }, 
                "west":  { "uv": [ 8, 0, 11.25, 1.5 ], "texture": "#main" }, 
                "up":    { "uv": [ 8, 0, 9.25, 3.25 ], "texture": "#main" }, 
                "down":  { "uv": [ 10.75, 4.25, 12, 7.5 ], "texture": "#main" }
            }
        }, 
        {
            "name": "tale", 
            "from": [ 7.4, 8, 10.5 ], 
            "to":   [ 8.2, 8.5, 12.5 ], 
            "rotation": { "angle": 22.5, "axis": "x", "origin": [8, 8, 8] }, 
            "faces": {
                "north": { "uv": [ 8, 0, 8.4, 0.25 ], "texture": "#main" }, 
                "east":  { "uv": [ 8, 0, 9, 0.25 ], "texture": "#main" }, 
                "south": { "uv": [ 8, 0, 8.4, 0.25 ], "texture": "#main" }, 
                "west":  { "uv": [ 8, 0, 9, 0.25 ], "texture": "#main" }, 
                "up":    { "uv": [ 8, 0, 8.4, 1 ], "texture": "#main" }, 
                "down":  { "uv": [ 9.75, 4.5, 10.14967, 5.5 ], "texture": "#main" }
            }
        }, 
        {
            "name": "neck", 
            "from": [ 7, 7.5, 4 ], 
            "to":   [ 8.5, 12, 6 ], 
            "faces": {
                "north": { "uv": [ 15, 0, 16, 2.75 ], "texture": "#main" }, 
                "east":  { "uv": [ 8, 0, 9, 2.25 ], "texture": "#main" }, 
                "south": { "uv": [ 8, 0, 8.75, 2.25 ], "texture": "#main" }, 
                "west":  { "uv": [ 8, 0, 9, 2.25 ], "texture": "#main" }, 
                "up":    { "uv": [ 8, 0, 8.75, 1 ], "texture": "#main" }, 
                "down":  { "uv": [ 8, 0, 8.75, 1 ], "texture": "#main" }
            }
        }, 
        {
            "name": "head", 
            "from": [ 6.5, 12, 3 ], 
            "to":   [ 9, 14, 6 ], 
            "faces": {
                "north": { "uv": [ 8, 0, 11, 2.5 ], "texture": "#main" }, 
                "east":  { "uv": [ 13, 0, 14.75, 1.25 ], "texture": "#main" }, 
                "south": { "uv": [ 8, 0, 11, 2.5 ], "texture": "#main" }, 
                "west":  { "uv": [ 13.25, 0, 15, 1.25 ], "texture": "#main" }, 
                "up":    { "uv": [ 8, 0, 11, 3.5 ], "texture": "#main" }, 
                "down":  { "uv": [ 8, 0, 9.25, 1.5 ], "rotation":180, "texture": "#main" }
            }
        }, 
        {
            "name": "nose", 
            "from": [ 7, 12.5, 1.5 ], 
            "to":   [ 8.5, 13.5, 3 ], 
            "faces": {
                "north": { "uv": [ 8, 0, 8.75, 0.5 ], "texture": "#main" }, 
                "east":  { "uv": [ 8, 0, 8.75, 0.5 ], "texture": "#main" }, 
                "south": { "uv": [ 8, 0, 8.75, 0.5 ], "texture": "#main" }, 
                "west":  { "uv": [ 8, 0, 8.75, 0.5 ], "texture": "#main" }, 
                "up":    { "uv": [ 8, 0, 8.75, 0.75 ], "texture": "#main" }, 
                "down":  { "uv": [ 8, 0, 8.75, 0.75 ], "texture": "#main" }
            }
        }, 
        {
            "name": "mouth", 
            "from": [ 7, 12, 1.5 ], 
            "to":   [ 8.5, 12.5, 3.1 ], 
            "faces": {
                "north": { "uv": [ 8, 0, 8.75, 0.25 ], "texture": "#main" }, 
                "east":  { "uv": [ 8, 0, 8.8, 0.25 ], "texture": "#main" }, 
                "south": { "uv": [ 8, 0, 8.75, 0.25 ], "texture": "#main" }, 
                "west":  { "uv": [ 8, 0, 8.8, 0.25 ], "texture": "#main" }, 
                "up":    { "uv": [ 8, 0, 8.75, 0.8 ], "texture": "#main" }, 
                "down":  { "uv": [ 9.25, 0.75, 10, 1.549755 ], "texture": "#main" }
            }
        }, 
        {
            "name": "nosenose", 
            "from": [ 7.5, 13.1, 1.4 ], 
            "to":   [ 8, 13.6, 1.9 ], 
            "faces": {
                "north": { "uv": [ 8.25, 7.5, 8.5, 7.75 ], "texture": "#main" }, 
                "east":  { "uv": [ 8.25, 7.5, 8.5, 7.75 ], "texture": "#main" }, 
                "south": { "uv": [ 8.25, 7.5, 8.5, 7.75 ], "texture": "#main" }, 
                "west":  { "uv": [ 8.25, 7.5, 8.5, 7.75 ], "texture": "#main" }, 
                "up":    { "uv": [ 8.25, 7.5, 8.5, 7.75 ], "texture": "#main" }, 
                "down":  { "uv": [ 8.25, 7.5, 8.5, 7.75 ], "texture": "#main" }
            }
        }, 
        {
            "name": "ear", 
            "from": [ 8.5, 13.5, 5 ], 
            "to":   [ 9.5, 15, 5.5 ], 
            "rotation": { "angle": -22.5, "axis": "z", "origin": [9, 14, 5] }, 
            "faces": {
                "north": { "uv": [ 8, 0, 8.5, 0.75 ], "texture": "#main" }, 
                "east":  { "uv": [ 8, 0, 8.25, 0.75 ], "texture": "#main" }, 
                "south": { "uv": [ 8, 0, 8.5, 0.75 ], "texture": "#main" }, 
                "west":  { "uv": [ 8, 0, 8.25, 0.75 ], "texture": "#main" }, 
                "up":    { "uv": [ 8, 0, 8.5, 0.25 ], "texture": "#main" }, 
                "down":  { "uv": [ 8, 0, 8.5, 0.25 ], "texture": "#main" }
            }
        }, 
        {
            "name": "leg", 
            "from": [ 8.5, 0.5, 10 ], 
            "to":   [ 9.5, 7, 11 ], 
            "rotation": { "angle": 22.5, "axis": "x", "origin": [8, 6.5, 10.5] }, 
            "faces": {
                "north": { "uv": [ 8, 0, 8.5, 3.25 ], "texture": "#main" }, 
                "east":  { "uv": [ 8, 0, 8.5, 3.25 ], "texture": "#main" }, 
                "south": { "uv": [ 8, 0, 8.5, 3.25 ], "texture": "#main" }, 
                "west":  { "uv": [ 8, 0, 8.5, 3.25 ], "texture": "#main" }, 
                "up":    { "uv": [ 8, 0, 8.5, 0.5 ], "texture": "#main" }, 
                "down":  { "uv": [ 8, 0, 8.5, 0.5 ], "texture": "#main" }
            }
        }, 
        {
            "name": "hoof", 
            "from": [ 8.5, 0, 10 ], 
            "to":   [ 9.5, 0.5, 11 ], 
            "rotation": { "angle": 22.5, "axis": "x", "origin": [8, 6.5, 10.5] }, 
            "faces": {
                "north": { "uv": [ 9.5, 7, 10, 8 ], "texture": "#main" }, 
                "east":  { "uv": [ 9.5, 7.25, 10, 7.5 ], "texture": "#main" }, 
                "south": { "uv": [ 9.5, 7.25, 10, 7.5 ], "texture": "#main" }, 
                "west":  { "uv": [ 9.5, 7.25, 10, 7.5 ], "texture": "#main" }, 
                "up":    { "uv": [ 9.5, 7.25, 10, 8 ], "texture": "#main" }, 
                "down":  { "uv": [ 9.5, 7.5, 10, 8 ], "texture": "#main" }
            }
        }, 
        {
            "name": "leg", 
            "from": [ 6, 0.5, 10 ], 
            "to":   [ 7, 7, 11 ], 
            "rotation": { "angle": -22.5, "axis": "x", "origin": [8, 6.5, 10.5] }, 
            "faces": {
                "north": { "uv": [ 8, 0, 8.5, 3.25 ], "texture": "#main" }, 
                "east":  { "uv": [ 8, 0, 8.5, 3.25 ], "texture": "#main" }, 
                "south": { "uv": [ 8, 0, 8.5, 3.25 ], "texture": "#main" }, 
                "west":  { "uv": [ 8, 0, 8.5, 3.25 ], "texture": "#main" }, 
                "up":    { "uv": [ 8, 0, 8.5, 0.5 ], "texture": "#main" }, 
                "down":  { "uv": [ 8, 0, 8.5, 0.5 ], "texture": "#main" }
            }
        }, 
        {
            "name": "hoof", 
            "from": [ 6, 0, 10 ], 
            "to":   [ 7, 0.5, 11 ], 
            "rotation": { "angle": -22.5, "axis": "x", "origin": [8, 6.5, 10.5] }, 
            "faces": {
                "north": { "uv": [ 9.5, 7, 10, 8 ], "texture": "#main" }, 
                "east":  { "uv": [ 9.5, 7.25, 10, 7.5 ], "texture": "#main" }, 
                "south": { "uv": [ 9.5, 7.25, 10, 7.5 ], "texture": "#main" }, 
                "west":  { "uv": [ 9.5, 7.25, 10, 7.5 ], "texture": "#main" }, 
                "up":    { "uv": [ 9.5, 7.25, 10, 8 ], "texture": "#main" }, 
                "down":  { "uv": [ 9.5, 7.5, 10, 8 ], "texture": "#main" }
            }
        }, 
        {
            "name": "leg", 
            "from": [ 8.5, 0.5, 4.5 ], 
            "to":   [ 9.5, 7, 5.5 ], 
            "rotation": { "angle": -22.5, "axis": "x", "origin": [8, 6.5, 5] }, 
            "faces": {
                "north": { "uv": [ 8, 0, 8.5, 3.25 ], "texture": "#main" }, 
                "east":  { "uv": [ 8, 0, 8.5, 3.25 ], "texture": "#main" }, 
                "south": { "uv": [ 8, 0, 8.5, 3.25 ], "texture": "#main" }, 
                "west":  { "uv": [ 8, 0, 8.5, 3.25 ], "texture": "#main" }, 
                "up":    { "uv": [ 8, 0, 8.5, 0.5 ], "texture": "#main" }, 
                "down":  { "uv": [ 8, 0, 8.5, 0.5 ], "texture": "#main" }
            }
        }, 
        {
            "name": "hoof", 
            "from": [ 8.5, 0, 4.5 ], 
            "to":   [ 9.5, 0.5, 5.5 ], 
            "rotation": { "angle": -22.5, "axis": "x", "origin": [8, 6.5, 5] }, 
            "faces": {
                "north": { "uv": [ 9.5, 7, 10, 7.25 ], "texture": "#main" }, 
                "east":  { "uv": [ 9.5, 7.25, 10, 7.5 ], "texture": "#main" }, 
                "south": { "uv": [ 9.5, 7.25, 10, 7.5 ], "texture": "#main" }, 
                "west":  { "uv": [ 9.5, 7.25, 10, 7.5 ], "texture": "#main" }, 
                "up":    { "uv": [ 9.5, 7.25, 10, 7.75 ], "texture": "#main" }, 
                "down":  { "uv": [ 9.5, 7.5, 10, 8 ], "texture": "#main" }
            }
        }, 
        {
            "name": "leg", 
            "from": [ 6, 0.5, 4.5 ], 
            "to":   [ 7, 7, 5.5 ], 
            "rotation": { "angle": 22.5, "axis": "x", "origin": [8, 6.5, 5] }, 
            "faces": {
                "north": { "uv": [ 8, 0, 8.5, 3.25 ], "texture": "#main" }, 
                "east":  { "uv": [ 8, 0, 8.5, 3.25 ], "texture": "#main" }, 
                "south": { "uv": [ 8, 0, 8.5, 3.25 ], "texture": "#main" }, 
                "west":  { "uv": [ 8, 0, 8.5, 3.25 ], "texture": "#main" }, 
                "up":    { "uv": [ 8, 0, 8.5, 0.5 ], "texture": "#main" }, 
                "down":  { "uv": [ 8, 0, 8.5, 0.5 ], "texture": "#main" }
            }
        }, 
        {
            "name": "hoof", 
            "from": [ 6, 0, 4.5 ], 
            "to":   [ 7, 0.5, 5.5 ], 
            "rotation": { "angle": 22.5, "axis": "x", "origin": [8, 6.5, 5] }, 
            "faces": {
                "north": { "uv": [ 9.5, 7, 10, 8 ], "texture": "#main" }, 
                "east":  { "uv": [ 9.5, 7.25, 10, 7.5 ], "texture": "#main" }, 
                "south": { "uv": [ 9.5, 7.25, 10, 7.5 ], "texture": "#main" }, 
                "west":  { "uv": [ 9.5, 7.25, 10, 7.5 ], "texture": "#main" }, 
                "up":    { "uv": [ 9.5, 7.25, 10, 8 ], "texture": "#main" }, 
                "down":  { "uv": [ 9.5, 7.5, 10, 8 ], "texture": "#main" }
            }
        }, 
        {
            "name": "left antler", 
            "from": [ 6.7, 14, 5.3 ], 
            "to":   [ 7.2, 16.7, 5.8 ], 
            "rotation": { "angle": 45, "axis": "x", "origin": [6.9, 14, 5.5] }, 
            "faces": {
                "north": { "uv": [ 4.25, 12.75, 4.75, 13.75 ], "texture": "#main" }, 
                "east":  { "uv": [ 4.25, 12.75, 4.75, 13.75 ], "texture": "#main" }, 
                "south": { "uv": [ 4.25, 12.75, 4.75, 13.75 ], "texture": "#main" }, 
                "west":  { "uv": [ 4.25, 12.75, 4.75, 13.75 ], "texture": "#main" }, 
                "up":    { "uv": [ 4.25, 12.75, 4.75, 13.75 ], "texture": "#main" }, 
                "down":  { "uv": [ 4.25, 12.75, 4.75, 13.75 ], "texture": "#main" }
            }
        }, 
        {
            "name": "left antler", 
            "from": [ 6.7, 15, 6.3 ], 
            "to":   [ 7.2, 16, 6.8 ], 
            "rotation": { "angle": -22.5, "axis": "x", "origin": [6.9, 16, 6.5] }, 
            "faces": {
                "north": { "uv": [ 4.25, 12.75, 4.75, 13.75 ], "texture": "#main" }, 
                "east":  { "uv": [ 4.25, 12.75, 4.75, 13.75 ], "texture": "#main" }, 
                "south": { "uv": [ 4.25, 12.75, 4.75, 13.75 ], "texture": "#main" }, 
                "west":  { "uv": [ 4.25, 12.75, 4.75, 13.75 ], "texture": "#main" }, 
                "up":    { "uv": [ 4.25, 12.75, 4.75, 13.75 ], "texture": "#main" }, 
                "down":  { "uv": [ 4.25, 12.75, 4.75, 13.75 ], "texture": "#main" }
            }
        }, 
        {
            "name": "left antler", 
            "from": [ 6.7, 15.8, 6.3 ], 
            "to":   [ 7.2, 16.6, 6.8 ], 
            "rotation": { "angle": -45, "axis": "x", "origin": [6.9, 16, 6.6] }, 
            "faces": {
                "north": { "uv": [ 4.25, 12.75, 4.75, 13.75 ], "texture": "#main" }, 
                "east":  { "uv": [ 4.25, 12.75, 4.75, 13.75 ], "texture": "#main" }, 
                "south": { "uv": [ 4.25, 12.75, 4.75, 13.75 ], "texture": "#main" }, 
                "west":  { "uv": [ 4.25, 12.75, 4.75, 13.75 ], "texture": "#main" }, 
                "up":    { "uv": [ 4.25, 12.75, 4.75, 13.75 ], "texture": "#main" }, 
                "down":  { "uv": [ 4.25, 12.75, 4.75, 13.75 ], "texture": "#main" }
            }
        }, 
        {
            "name": "left antler", 
            "from": [ 6.7, 16.1, 4.8 ], 
            "to":   [ 7.2, 16.6, 6.3 ], 
            "faces": {
                "north": { "uv": [ 4.25, 12.75, 4.75, 13.75 ], "texture": "#main" }, 
                "east":  { "uv": [ 4.25, 12.75, 4.75, 13.75 ], "texture": "#main" }, 
                "south": { "uv": [ 4.25, 12.75, 4.75, 13.75 ], "texture": "#main" }, 
                "west":  { "uv": [ 4.25, 12.75, 4.75, 13.75 ], "texture": "#main" }, 
                "up":    { "uv": [ 4.25, 12.75, 4.75, 13.75 ], "texture": "#main" }, 
                "down":  { "uv": [ 4.25, 12.75, 4.75, 13.75 ], "texture": "#main" }
            }
        }, 
        {
            "name": "left antler", 
            "from": [ 6.7, 16.2, 4.6 ], 
            "to":   [ 7.2, 17.4, 5.1 ], 
            "rotation": { "angle": -22.5, "axis": "x", "origin": [6.9, 16.5, 5] }, 
            "faces": {
                "north": { "uv": [ 4.25, 12.75, 4.75, 13.75 ], "texture": "#main" }, 
                "east":  { "uv": [ 4.25, 12.75, 4.75, 13.75 ], "texture": "#main" }, 
                "south": { "uv": [ 4.25, 12.75, 4.75, 13.75 ], "texture": "#main" }, 
                "west":  { "uv": [ 4.25, 12.75, 4.75, 13.75 ], "texture": "#main" }, 
                "up":    { "uv": [ 4.25, 12.75, 4.75, 13.75 ], "texture": "#main" }, 
                "down":  { "uv": [ 4.25, 12.75, 4.75, 13.75 ], "texture": "#main" }
            }
        }, 
        {
            "name": "left antler", 
            "from": [ 6.7, 16.6, 5.4 ], 
            "to":   [ 7.2, 17.1, 5.9 ], 
            "faces": {
                "north": { "uv": [ 4.25, 12.75, 4.75, 13.75 ], "texture": "#main" }, 
                "east":  { "uv": [ 4.25, 12.75, 4.75, 13.75 ], "texture": "#main" }, 
                "south": { "uv": [ 4.25, 12.75, 4.75, 13.75 ], "texture": "#main" }, 
                "west":  { "uv": [ 4.25, 12.75, 4.75, 13.75 ], "texture": "#main" }, 
                "up":    { "uv": [ 4.25, 12.75, 4.75, 13.75 ], "texture": "#main" }, 
                "down":  { "uv": [ 4.25, 12.75, 4.75, 13.75 ], "texture": "#main" }
            }
        }, 
        {
            "name": "left antler", 
            "from": [ 6.7, 16.3, 6.5 ], 
            "to":   [ 7.2, 16.8, 7 ], 
            "rotation": { "angle": 45, "axis": "x", "origin": [6.9, 16.5, 6.6] }, 
            "faces": {
                "north": { "uv": [ 4.25, 12.75, 4.75, 13.75 ], "texture": "#main" }, 
                "east":  { "uv": [ 4.25, 12.75, 4.75, 13.75 ], "texture": "#main" }, 
                "south": { "uv": [ 4.25, 12.75, 4.75, 13.75 ], "texture": "#main" }, 
                "west":  { "uv": [ 4.25, 12.75, 4.75, 13.75 ], "texture": "#main" }, 
                "up":    { "uv": [ 4.25, 12.75, 4.75, 13.75 ], "texture": "#main" }, 
                "down":  { "uv": [ 4.25, 12.75, 4.75, 13.75 ], "texture": "#main" }
            }
        }, 
        {
            "name": "right antler", 
            "from": [ 8.3, 14, 5.3 ], 
            "to":   [ 8.8, 16.7, 5.8 ], 
            "rotation": { "angle": 45, "axis": "x", "origin": [6.9, 14, 5.5] }, 
            "faces": {
                "north": { "uv": [ 4.25, 12.75, 4.75, 13.75 ], "texture": "#main" }, 
                "east":  { "uv": [ 4.25, 12.75, 4.75, 13.75 ], "texture": "#main" }, 
                "south": { "uv": [ 4.25, 12.75, 4.75, 13.75 ], "texture": "#main" }, 
                "west":  { "uv": [ 4.25, 12.75, 4.75, 13.75 ], "texture": "#main" }, 
                "up":    { "uv": [ 4.25, 12.75, 4.75, 13.75 ], "texture": "#main" }, 
                "down":  { "uv": [ 4.25, 12.75, 4.75, 13.75 ], "texture": "#main" }
            }
        }, 
        {
            "name": "right antler", 
            "from": [ 8.3, 15, 6.3 ], 
            "to":   [ 8.8, 16, 6.8 ], 
            "rotation": { "angle": -22.5, "axis": "x", "origin": [6.9, 16, 6.5] }, 
            "faces": {
                "north": { "uv": [ 4.25, 12.75, 4.75, 13.75 ], "texture": "#main" }, 
                "east":  { "uv": [ 4.25, 12.75, 4.75, 13.75 ], "texture": "#main" }, 
                "south": { "uv": [ 4.25, 12.75, 4.75, 13.75 ], "texture": "#main" }, 
                "west":  { "uv": [ 4.25, 12.75, 4.75, 13.75 ], "texture": "#main" }, 
                "up":    { "uv": [ 4.25, 12.75, 4.75, 13.75 ], "texture": "#main" }, 
                "down":  { "uv": [ 4.25, 12.75, 4.75, 13.75 ], "texture": "#main" }
            }
        }, 
        {
            "name": "right antler", 
            "from": [ 8.3, 15.8, 6.3 ], 
            "to":   [ 8.8, 16.6, 6.8 ], 
            "rotation": { "angle": -45, "axis": "x", "origin": [6.9, 16, 6.6] }, 
            "faces": {
                "north": { "uv": [ 4.25, 12.75, 4.75, 13.75 ], "texture": "#main" }, 
                "east":  { "uv": [ 4.25, 12.75, 4.75, 13.75 ], "texture": "#main" }, 
                "south": { "uv": [ 4.25, 12.75, 4.75, 13.75 ], "texture": "#main" }, 
                "west":  { "uv": [ 4.25, 12.75, 4.75, 13.75 ], "texture": "#main" }, 
                "up":    { "uv": [ 4.25, 12.75, 4.75, 13.75 ], "texture": "#main" }, 
                "down":  { "uv": [ 4.25, 12.75, 4.75, 13.75 ], "texture": "#main" }
            }
        }, 
        {
            "name": "right antler", 
            "from": [ 8.3, 16.1, 4.8 ], 
            "to":   [ 8.8, 16.6, 6.3 ], 
            "faces": {
                "north": { "uv": [ 4.25, 12.75, 4.75, 13.75 ], "texture": "#main" }, 
                "east":  { "uv": [ 4.25, 12.75, 4.75, 13.75 ], "texture": "#main" }, 
                "south": { "uv": [ 4.25, 12.75, 4.75, 13.75 ], "texture": "#main" }, 
                "west":  { "uv": [ 4.25, 12.75, 4.75, 13.75 ], "texture": "#main" }, 
                "up":    { "uv": [ 4.25, 12.75, 4.75, 13.75 ], "texture": "#main" }, 
                "down":  { "uv": [ 4.25, 12.75, 4.75, 13.75 ], "texture": "#main" }
            }
        }, 
        {
            "name": "right antler", 
            "from": [ 8.3, 16.2, 4.6 ], 
            "to":   [ 8.8, 17.4, 5.1 ], 
            "rotation": { "angle": -22.5, "axis": "x", "origin": [6.9, 16.5, 5] }, 
            "faces": {
                "north": { "uv": [ 4.25, 12.75, 4.75, 13.75 ], "texture": "#main" }, 
                "east":  { "uv": [ 4.25, 12.75, 4.75, 13.75 ], "texture": "#main" }, 
                "south": { "uv": [ 4.25, 12.75, 4.75, 13.75 ], "texture": "#main" }, 
                "west":  { "uv": [ 4.25, 12.75, 4.75, 13.75 ], "texture": "#main" }, 
                "up":    { "uv": [ 4.25, 12.75, 4.75, 13.75 ], "texture": "#main" }, 
                "down":  { "uv": [ 4.25, 12.75, 4.75, 13.75 ], "texture": "#main" }
            }
        }, 
        {
            "name": "right antler", 
            "from": [ 8.3, 16.6, 5.4 ], 
            "to":   [ 8.8, 17.1, 5.9 ], 
            "faces": {
                "north": { "uv": [ 4.25, 12.75, 4.75, 13.75 ], "texture": "#main" }, 
                "east":  { "uv": [ 4.25, 12.75, 4.75, 13.75 ], "texture": "#main" }, 
                "south": { "uv": [ 4.25, 12.75, 4.75, 13.75 ], "texture": "#main" }, 
                "west":  { "uv": [ 4.25, 12.75, 4.75, 13.75 ], "texture": "#main" }, 
                "up":    { "uv": [ 4.25, 12.75, 4.75, 13.75 ], "texture": "#main" }, 
                "down":  { "uv": [ 4.25, 12.75, 4.75, 13.75 ], "texture": "#main" }
            }
        }, 
        {
            "name": "right antler", 
            "from": [ 8.3, 16.3, 6.5 ], 
            "to":   [ 8.8, 16.8, 7 ], 
            "rotation": { "angle": 45, "axis": "x", "origin": [6.9, 16.5, 6.6] }, 
            "faces": {
                "north": { "uv": [ 4.25, 12.75, 4.75, 13.75 ], "texture": "#main" }, 
                "east":  { "uv": [ 4.25, 12.75, 4.75, 13.75 ], "texture": "#main" }, 
                "south": { "uv": [ 4.25, 12.75, 4.75, 13.75 ], "texture": "#main" }, 
                "west":  { "uv": [ 4.25, 12.75, 4.75, 13.75 ], "texture": "#main" }, 
                "up":    { "uv": [ 4.25, 12.75, 4.75, 13.75 ], "texture": "#main" }, 
                "down":  { "uv": [ 4.25, 12.75, 4.75, 13.75 ], "texture": "#main" }
            }
        }, 
        {
            "name": "ear", 
            "from": [ 6, 13.5, 5 ], 
            "to":   [ 7, 15, 5.5 ], 
            "rotation": { "angle": 22.5, "axis": "z", "origin": [6.5, 14, 5] }, 
            "faces": {
                "north": { "uv": [ 0, 8, 0.5, 8.75 ], "texture": "#main" }, 
                "east":  { "uv": [ 0, 8, 0.25, 8.75 ], "texture": "#main" }, 
                "south": { "uv": [ 0, 8, 0.5, 8.75 ], "texture": "#main" }, 
                "west":  { "uv": [ 0, 8, 0.25, 8.75 ], "texture": "#main" }, 
                "up":    { "uv": [ 0, 8, 0.5, 8.25 ], "texture": "#main" }, 
                "down":  { "uv": [ 0, 8, 0.5, 8.25 ], "texture": "#main" }
            }
        }, 
        {
            "name": "body", 
            "from": [ 6.5, 5.5, 4.5 ], 
            "to":   [ 9, 8.5, 11 ], 
            "faces": {
                "north": { "uv": [ 0, 8, 1.25, 9.5 ], "texture": "#main" }, 
                "east":  { "uv": [ 0, 8, 3.25, 9.5 ], "texture": "#main" }, 
                "south": { "uv": [ 0, 8, 1.25, 9.5 ], "texture": "#main" }, 
                "west":  { "uv": [ 0, 8, 3.25, 9.5 ], "texture": "#main" }, 
                "up":    { "uv": [ 0, 8, 1.25, 11.25 ], "texture": "#main" }, 
                "down":  { "uv": [ 2.75, 12.25, 4, 15.5 ], "texture": "#main" }
            }
        }, 
        {
            "name": "tale", 
            "from": [ 7.4, 8, 10.5 ], 
            "to":   [ 8.2, 8.5, 12.5 ], 
            "rotation": { "angle": 22.5, "axis": "x", "origin": [8, 8, 8] }, 
            "faces": {
                "north": { "uv": [ 0, 8, 0.4, 8.25 ], "texture": "#main" }, 
                "east":  { "uv": [ 0, 8, 1, 8.25 ], "texture": "#main" }, 
                "south": { "uv": [ 0, 8, 0.4, 8.25 ], "texture": "#main" }, 
                "west":  { "uv": [ 0, 8, 1, 8.25 ], "texture": "#main" }, 
                "up":    { "uv": [ 0, 8, 0.4, 9 ], "texture": "#main" }, 
                "down":  { "uv": [ 1.75, 12.5, 2.14967, 13.5 ], "texture": "#main" }
            }
        }, 
        {
            "name": "neck", 
            "from": [ 7, 7.5, 4 ], 
            "to":   [ 8.5, 12, 6 ], 
            "faces": {
                "north": { "uv": [ 7, 8, 8, 10.75 ], "texture": "#main" }, 
                "east":  { "uv": [ 0, 8, 1, 10.25 ], "texture": "#main" }, 
                "south": { "uv": [ 0, 8, 0.75, 10.25 ], "texture": "#main" }, 
                "west":  { "uv": [ 0, 8, 1, 10.25 ], "texture": "#main" }, 
                "up":    { "uv": [ 0, 8, 0.75, 9 ], "texture": "#main" }, 
                "down":  { "uv": [ 0, 8, 0.75, 9 ], "texture": "#main" }
            }
        }, 
        {
            "name": "head", 
            "from": [ 6.5, 12, 3 ], 
            "to":   [ 9, 14, 6 ], 
            "faces": {
                "north": { "uv": [ 0, 8, 3, 10.5 ], "texture": "#main" }, 
                "east":  { "uv": [ 5, 8, 6.75, 9.25 ], "texture": "#main" }, 
                "south": { "uv": [ 0, 8, 3, 10.5 ], "texture": "#main" }, 
                "west":  { "uv": [ 5.25, 8, 7, 9.25 ], "texture": "#main" }, 
                "up":    { "uv": [ 0, 8, 3, 11.5 ], "texture": "#main" }, 
                "down":  { "uv": [ 0, 8, 1.25, 9.5 ], "rotation":180, "texture": "#main" }
            }
        }, 
        {
            "name": "nose", 
            "from": [ 7, 12.5, 1.5 ], 
            "to":   [ 8.5, 13.5, 3 ], 
            "faces": {
                "north": { "uv": [ 0, 8, 0.75, 8.5 ], "texture": "#main" }, 
                "east":  { "uv": [ 0, 8, 0.75, 8.5 ], "texture": "#main" }, 
                "south": { "uv": [ 0, 8, 0.75, 8.5 ], "texture": "#main" }, 
                "west":  { "uv": [ 0, 8, 0.75, 8.5 ], "texture": "#main" }, 
                "up":    { "uv": [ 0, 8, 0.75, 8.75 ], "texture": "#main" }, 
                "down":  { "uv": [ 0, 8, 0.75, 8.75 ], "texture": "#main" }
            }
        }, 
        {
            "name": "mouth", 
            "from": [ 7, 12, 1.5 ], 
            "to":   [ 8.5, 12.5, 3.1 ], 
            "faces": {
                "north": { "uv": [ 0, 8, 0.75, 8.25 ], "texture": "#main" }, 
                "east":  { "uv": [ 0, 8, 0.8, 8.25 ], "texture": "#main" }, 
                "south": { "uv": [ 0, 8, 0.75, 8.25 ], "texture": "#main" }, 
                "west":  { "uv": [ 0, 8, 0.8, 8.25 ], "texture": "#main" }, 
                "up":    { "uv": [ 0, 8, 0.75, 8.8 ], "texture": "#main" }, 
                "down":  { "uv": [ 1.25, 8.75, 2, 9.549755 ], "texture": "#main" }
            }
        }, 
        {
            "name": "nosenose", 
            "from": [ 7.5, 13.1, 1.4 ], 
            "to":   [ 8, 13.6, 1.9 ], 
            "faces": {
                "north": { "uv": [ 0.25, 15.5, 0.5, 15.75 ], "texture": "#main" }, 
                "east":  { "uv": [ 0.25, 15.5, 0.5, 15.75 ], "texture": "#main" }, 
                "south": { "uv": [ 0.25, 15.5, 0.5, 15.75 ], "texture": "#main" }, 
                "west":  { "uv": [ 0.25, 15.5, 0.5, 15.75 ], "texture": "#main" }, 
                "up":    { "uv": [ 0.25, 15.5, 0.5, 15.75 ], "texture": "#main" }, 
                "down":  { "uv": [ 0.25, 15.5, 0.5, 15.75 ], "texture": "#main" }
            }
        }, 
        {
            "name": "ear", 
            "from": [ 8.5, 13.5, 5 ], 
            "to":   [ 9.5, 15, 5.5 ], 
            "rotation": { "angle": -22.5, "axis": "z", "origin": [9, 14, 5] }, 
            "faces": {
                "north": { "uv": [ 0, 8, 0.5, 8.75 ], "texture": "#main" }, 
                "east":  { "uv": [ 0, 8, 0.25, 8.75 ], "texture": "#main" }, 
                "south": { "uv": [ 0, 8, 0.5, 8.75 ], "texture": "#main" }, 
                "west":  { "uv": [ 0, 8, 0.25, 8.75 ], "texture": "#main" }, 
                "up":    { "uv": [ 0, 8, 0.5, 8.25 ], "texture": "#main" }, 
                "down":  { "uv": [ 0, 8, 0.5, 8.25 ], "texture": "#main" }
            }
        }, 
        {
            "name": "leg", 
            "from": [ 8.5, 0.5, 10 ], 
            "to":   [ 9.5, 7, 11 ], 
            "rotation": { "angle": -22.5, "axis": "x", "origin": [8, 6.5, 10.5] }, 
            "faces": {
                "north": { "uv": [ 0, 8, 0.5, 11.25 ], "texture": "#main" }, 
                "east":  { "uv": [ 0, 8, 0.5, 11.25 ], "texture": "#main" }, 
                "south": { "uv": [ 0, 8, 0.5, 11.25 ], "texture": "#main" }, 
                "west":  { "uv": [ 0, 8, 0.5, 11.25 ], "texture": "#main" }, 
                "up":    { "uv": [ 0, 8, 0.5, 8.5 ], "texture": "#main" }, 
                "down":  { "uv": [ 0, 8, 0.5, 8.5 ], "texture": "#main" }
            }
        }, 
        {
            "name": "hoof", 
            "from": [ 8.5, 0, 10 ], 
            "to":   [ 9.5, 0.5, 11 ], 
            "rotation": { "angle": -22.5, "axis": "x", "origin": [8, 6.5, 10.5] }, 
            "faces": {
                "north": { "uv": [ 1.5, 15, 2, 16 ], "texture": "#main" }, 
                "east":  { "uv": [ 1.5, 15.25, 2, 15.5 ], "texture": "#main" }, 
                "south": { "uv": [ 1.5, 15.25, 2, 15.5 ], "texture": "#main" }, 
                "west":  { "uv": [ 1.5, 15.25, 2, 15.5 ], "texture": "#main" }, 
                "up":    { "uv": [ 1.5, 15.25, 2, 16 ], "texture": "#main" }, 
                "down":  { "uv": [ 1.5, 15.5, 2, 16 ], "texture": "#main" }
            }
        }, 
        {
            "name": "leg", 
            "from": [ 6, 0.5, 10 ], 
            "to":   [ 7, 7, 11 ], 
            "rotation": { "angle": 22.5, "axis": "x", "origin": [8, 6.5, 10.5] }, 
            "faces": {
                "north": { "uv": [ 0, 8, 0.5, 11.25 ], "texture": "#main" }, 
                "east":  { "uv": [ 0, 8, 0.5, 11.25 ], "texture": "#main" }, 
                "south": { "uv": [ 0, 8, 0.5, 11.25 ], "texture": "#main" }, 
                "west":  { "uv": [ 0, 8, 0.5, 11.25 ], "texture": "#main" }, 
                "up":    { "uv": [ 0, 8, 0.5, 8.5 ], "texture": "#main" }, 
                "down":  { "uv": [ 0, 8, 0.5, 8.5 ], "texture": "#main" }
            }
        }, 
        {
            "name": "hoof", 
            "from": [ 6, 0, 10 ], 
            "to":   [ 7, 0.5, 11 ], 
            "rotation": { "angle": 22.5, "axis": "x", "origin": [8, 6.5, 10.5] }, 
            "faces": {
                "north": { "uv": [ 1.5, 15, 2, 16 ], "texture": "#main" }, 
                "east":  { "uv": [ 1.5, 15.25, 2, 15.5 ], "texture": "#main" }, 
                "south": { "uv": [ 1.5, 15.25, 2, 15.5 ], "texture": "#main" }, 
                "west":  { "uv": [ 1.5, 15.25, 2, 15.5 ], "texture": "#main" }, 
                "up":    { "uv": [ 1.5, 15.25, 2, 16 ], "texture": "#main" }, 
                "down":  { "uv": [ 1.5, 15.5, 2, 16 ], "texture": "#main" }
            }
        }, 
        {
            "name": "leg", 
            "from": [ 8.5, 0.5, 4.5 ], 
            "to":   [ 9.5, 7, 5.5 ], 
            "rotation": { "angle": 22.5, "axis": "x", "origin": [8, 6.5, 5] }, 
            "faces": {
                "north": { "uv": [ 0, 8, 0.5, 11.25 ], "texture": "#main" }, 
                "east":  { "uv": [ 0, 8, 0.5, 11.25 ], "texture": "#main" }, 
                "south": { "uv": [ 0, 8, 0.5, 11.25 ], "texture": "#main" }, 
                "west":  { "uv": [ 0, 8, 0.5, 11.25 ], "texture": "#main" }, 
                "up":    { "uv": [ 0, 8, 0.5, 8.5 ], "texture": "#main" }, 
                "down":  { "uv": [ 0, 8, 0.5, 8.5 ], "texture": "#main" }
            }
        }, 
        {
            "name": "hoof", 
            "from": [ 8.5, 0, 4.5 ], 
            "to":   [ 9.5, 0.5, 5.5 ], 
            "rotation": { "angle": 22.5, "axis": "x", "origin": [8, 6.5, 5] }, 
            "faces": {
                "north": { "uv": [ 1.5, 15, 2, 15.25 ], "texture": "#main" }, 
                "east":  { "uv": [ 1.5, 15.25, 2, 15.5 ], "texture": "#main" }, 
                "south": { "uv": [ 1.5, 15.25, 2, 15.5 ], "texture": "#main" }, 
                "west":  { "uv": [ 1.5, 15.25, 2, 15.5 ], "texture": "#main" }, 
                "up":    { "uv": [ 1.5, 15.25, 2, 15.75 ], "texture": "#main" }, 
                "down":  { "uv": [ 1.5, 15.5, 2, 16 ], "texture": "#main" }
            }
        }, 
        {
            "name": "leg", 
            "from": [ 6, 0.5, 4.5 ], 
            "to":   [ 7, 7, 5.5 ], 
            "rotation": { "angle": -22.5, "axis": "x", "origin": [8, 6.5, 5] }, 
            "faces": {
                "north": { "uv": [ 0, 8, 0.5, 11.25 ], "texture": "#main" }, 
                "east":  { "uv": [ 0, 8, 0.5, 11.25 ], "texture": "#main" }, 
                "south": { "uv": [ 0, 8, 0.5, 11.25 ], "texture": "#main" }, 
                "west":  { "uv": [ 0, 8, 0.5, 11.25 ], "texture": "#main" }, 
                "up":    { "uv": [ 0, 8, 0.5, 8.5 ], "texture": "#main" }, 
                "down":  { "uv": [ 0, 8, 0.5, 8.5 ], "texture": "#main" }
            }
        }, 
        {
            "name": "hoof", 
            "from": [ 6, 0, 4.5 ], 
            "to":   [ 7, 0.5, 5.5 ], 
            "rotation": { "angle": -22.5, "axis": "x", "origin": [8, 6.5, 5] }, 
            "faces": {
                "north": { "uv": [ 1.5, 15, 2, 16 ], "texture": "#main" }, 
                "east":  { "uv": [ 1.5, 15.25, 2, 15.5 ], "texture": "#main" }, 
                "south": { "uv": [ 1.5, 15.25, 2, 15.5 ], "texture": "#main" }, 
                "west":  { "uv": [ 1.5, 15.25, 2, 15.5 ], "texture": "#main" }, 
                "up":    { "uv": [ 1.5, 15.25, 2, 16 ], "texture": "#main" }, 
                "down":  { "uv": [ 1.5, 15.5, 2, 16 ], "texture": "#main" }
            }
        }
    ], 
    "display": {
        "thirdperson_lefthand": {
            "rotation": [ 30, 45, 0 ], 
            "translation": [ 0, 0, 0 ], 
            "scale": [ 0.4, 0.4, 0.4 ]
        }, 
        "thirdperson_righthand": {
            "rotation": [ 30, 45, 0 ], 
            "translation": [ 0, 0, 0 ], 
            "scale": [ 0.4, 0.4, 0.4 ]
        }, 
        "firstperson_lefthand": {
            "rotation": [ 0, 45, 0 ], 
            "translation": [ 0, 1, 0 ], 
            "scale": [ 0.4, 0.4, 0.4 ]
        }, 
        "firstperson_righthand": {
            "rotation": [ 0, 45, 0 ], 
            "translation": [ 0, 1, 0 ], 
            "scale": [ 0.4, 0.4, 0.4 ]
        }, 
        "gui": {
            "rotation": [ 30, 45, 0 ], 
            "translation": [ 0, 0, 0 ], 
            "scale": [ 0.65, 0.65, 0.65 ]
        }, 
        "ground": {
            "rotation": [ 0, 0, 180 ], 
            "translation": [ 0, 0, 0 ]
        }, 
        "head": {
            "translation": [ 0, -13, 0 ], 
            "scale": [ 4, 4, 4 ]
        }, 
        "fixed": {
            "rotation": [ 0, 0, 0 ], 
            "translation": [ 0, 0, 0 ]
        }
    }, 
    "groups": [
        0, 
        1, 
        2, 
        3, 
        4, 
        5, 
        6, 
        7, 
        8, 
        9, 
        10, 
        11, 
        12, 
        13, 
        14, 
        15, 
        16, 
        {
            "name": "antlers", 
            "children": [
                17, 
                18, 
                19, 
                20, 
                21, 
                22, 
                23, 
                24, 
                25, 
                26, 
                27, 
                28, 
                29, 
                30
            ]
        }
    ], 
    "__comment": "Model animated using Fizzy's model animator - http://fizzy81.github.io/animated-models/"
}