{
	"credit": "Made By BronGhast014 with Blockbench",
	"textures": {
		"0": "christmas/snowman",
		"particle": "christmas/snowman"
	},
	"elements": [
		{
			"name": "hat",
			"from": [4, 22, 4],
			"to": [12, 32, 12],
			"faces": {
				"north": {"uv": [10, 4, 14, 9], "texture": "#0"},
				"east": {"uv": [10, 4, 14, 9], "texture": "#0"},
				"south": {"uv": [10, 4, 14, 9], "texture": "#0"},
				"west": {"uv": [10, 4, 14, 9], "texture": "#0"},
				"up": {"uv": [10, 0, 14, 4], "texture": "#0"},
				"down": {"uv": [10, 0, 14, 4], "texture": "#0"}
			}
		},
		{
			"name": "hat",
			"from": [2, 21, 2],
			"to": [14, 22, 14],
			"faces": {
				"north": {"uv": [9, 0, 15, 0.5], "texture": "#0"},
				"east": {"uv": [9, 0, 15, 0.5], "texture": "#0"},
				"south": {"uv": [9, 0, 15, 0.5], "texture": "#0"},
				"west": {"uv": [9, 0, 15, 0.5], "texture": "#0"},
				"up": {"uv": [9, 0, 15, 6], "texture": "#0"},
				"down": {"uv": [9, 0, 15, 6], "texture": "#0"}
			}
		},
		{
			"name": "carrot",
			"from": [7.6, 16.75, 1.75],
			"to": [8.6, 17.75, 4.75],
			"faces": {
				"north": {"uv": [14, 9.5, 15, 10.5], "rotation": 90, "texture": "#0"},
				"east": {"uv": [14, 9.5, 15, 12.5], "rotation": 90, "texture": "#0"},
				"south": {"uv": [14, 9.5, 15, 12.5], "rotation": 90, "texture": "#0"},
				"west": {"uv": [14, 9.5, 15, 12.5], "rotation": 90, "texture": "#0"},
				"up": {"uv": [14, 9.5, 15, 12.5], "texture": "#0"},
				"down": {"uv": [14, 9.5, 15, 12.5], "texture": "#0"}
			}
		},
		{
			"name": "coal",
			"from": [8.85, 15, 3.75],
			"to": [9.85, 16, 4.75],
			"faces": {
				"north": {"uv": [10, 10.5, 11, 11.5], "texture": "#0"},
				"east": {"uv": [10, 10.5, 11, 11.5], "texture": "#0"},
				"south": {"uv": [10, 10.5, 11, 11.5], "texture": "#0"},
				"west": {"uv": [10, 10.5, 11, 11.5], "texture": "#0"},
				"up": {"uv": [10, 10.5, 11, 11.5], "texture": "#0"},
				"down": {"uv": [10, 10.5, 11, 11.5], "texture": "#0"}
			}
		},
		{
			"name": "coal",
			"from": [6, 18, 3.75],
			"to": [7, 19, 4.75],
			"faces": {
				"north": {"uv": [10, 10.5, 11, 11.5], "texture": "#0"},
				"east": {"uv": [10, 10.5, 11, 11.5], "texture": "#0"},
				"south": {"uv": [10, 10.5, 11, 11.5], "texture": "#0"},
				"west": {"uv": [10, 10.5, 11, 11.5], "texture": "#0"},
				"up": {"uv": [10, 10.5, 11, 11.5], "texture": "#0"},
				"down": {"uv": [10, 10.5, 11, 11.5], "texture": "#0"}
			}
		},
		{
			"name": "coal",
			"from": [9, 18, 3.75],
			"to": [10, 19, 4.75],
			"faces": {
				"north": {"uv": [10, 10.5, 11, 11.5], "texture": "#0"},
				"east": {"uv": [10, 10.5, 11, 11.5], "texture": "#0"},
				"south": {"uv": [10, 10.5, 11, 11.5], "texture": "#0"},
				"west": {"uv": [10, 10.5, 11, 11.5], "texture": "#0"},
				"up": {"uv": [10, 10.5, 11, 11.5], "texture": "#0"},
				"down": {"uv": [10, 10.5, 11, 11.5], "texture": "#0"}
			}
		},
		{
			"name": "coal",
			"from": [10, 15.75, 3.75],
			"to": [11, 16.75, 4.75],
			"faces": {
				"north": {"uv": [10, 10.5, 11, 11.5], "texture": "#0"},
				"east": {"uv": [10, 10.5, 11, 11.5], "texture": "#0"},
				"south": {"uv": [10, 10.5, 11, 11.5], "texture": "#0"},
				"west": {"uv": [10, 10.5, 11, 11.5], "texture": "#0"},
				"up": {"uv": [10, 10.5, 11, 11.5], "texture": "#0"},
				"down": {"uv": [10, 10.5, 11, 11.5], "texture": "#0"}
			}
		},
		{
			"name": "coal",
			"from": [7.6, 14.75, 3.75],
			"to": [8.6, 15.75, 4.75],
			"faces": {
				"north": {"uv": [10, 10.5, 11, 11.5], "texture": "#0"},
				"east": {"uv": [10, 10.5, 11, 11.5], "texture": "#0"},
				"south": {"uv": [10, 10.5, 11, 11.5], "texture": "#0"},
				"west": {"uv": [10, 10.5, 11, 11.5], "texture": "#0"},
				"up": {"uv": [10, 10.5, 11, 11.5], "texture": "#0"},
				"down": {"uv": [10, 10.5, 11, 11.5], "texture": "#0"}
			}
		},
		{
			"name": "coal",
			"from": [6.45, 15, 3.75],
			"to": [7.45, 16, 4.75],
			"faces": {
				"north": {"uv": [10, 10.5, 11, 11.5], "texture": "#0"},
				"east": {"uv": [10, 10.5, 11, 11.5], "texture": "#0"},
				"south": {"uv": [10, 10.5, 11, 11.5], "texture": "#0"},
				"west": {"uv": [10, 10.5, 11, 11.5], "texture": "#0"},
				"up": {"uv": [10, 10.5, 11, 11.5], "texture": "#0"},
				"down": {"uv": [10, 10.5, 11, 11.5], "texture": "#0"}
			}
		},
		{
			"name": "coal",
			"from": [5.3, 15.5, 3.75],
			"to": [6.3, 16.5, 4.75],
			"faces": {
				"north": {"uv": [10, 10.5, 11, 11.5], "texture": "#0"},
				"east": {"uv": [10, 10.5, 11, 11.5], "texture": "#0"},
				"south": {"uv": [10, 10.5, 11, 11.5], "texture": "#0"},
				"west": {"uv": [10, 10.5, 11, 11.5], "texture": "#0"},
				"up": {"uv": [10, 10.5, 11, 11.5], "texture": "#0"},
				"down": {"uv": [10, 10.5, 11, 11.5], "texture": "#0"}
			}
		},
		{
			"from": [4, 13, 4],
			"to": [12, 21, 12],
			"faces": {
				"north": {"uv": [1.5, 2, 5.5, 6], "texture": "#0"},
				"east": {"uv": [1.5, 2, 5.5, 6], "texture": "#0"},
				"south": {"uv": [1.5, 2, 5.5, 6], "texture": "#0"},
				"west": {"uv": [1.5, 2, 5.5, 6], "texture": "#0"},
				"up": {"uv": [1.5, 2, 5.5, 6], "texture": "#0"},
				"down": {"uv": [1.5, 2, 5.5, 6], "texture": "#0"}
			}
		},
		{
			"from": [2, -9, 2],
			"to": [14, 3, 14],
			"faces": {
				"north": {"uv": [0, 0, 6, 6], "texture": "#0"},
				"east": {"uv": [0, 0, 6, 6], "texture": "#0"},
				"south": {"uv": [0, 0, 6, 6], "texture": "#0"},
				"west": {"uv": [0, 0, 6, 6], "texture": "#0"},
				"up": {"uv": [0, 0, 6, 6], "texture": "#0"},
				"down": {"uv": [0, 0, 6, 6], "texture": "#0"}
			}
		},
		{
			"from": [3, 3, 3],
			"to": [13, 13, 13],
			"faces": {
				"north": {"uv": [0, 0, 5, 5], "texture": "#0"},
				"east": {"uv": [0, 0, 5, 5], "texture": "#0"},
				"south": {"uv": [0, 0, 5, 5], "texture": "#0"},
				"west": {"uv": [0, 0, 5, 5], "texture": "#0"},
				"up": {"uv": [0, 0, 5, 5], "texture": "#0"},
				"down": {"uv": [0, 0, 5, 5], "texture": "#0"}
			}
		},
		{
			"name": "arms",
			"from": [-10, 10, 7.75],
			"to": [6, 11, 8.75],
			"rotation": {"angle": 45, "axis": "z", "origin": [3, 10.5, 8.25]},
			"faces": {
				"north": {"uv": [4, 9, 4.5, 15], "rotation": 90, "texture": "#0"},
				"east": {"uv": [4, 9, 4.5, 15], "rotation": 90, "texture": "#0"},
				"south": {"uv": [4, 9, 4.5, 15], "rotation": 90, "texture": "#0"},
				"west": {"uv": [4, 9, 4.5, 9.5], "rotation": 90, "texture": "#0"},
				"up": {"uv": [4, 9, 4.5, 15], "rotation": 90, "texture": "#0"},
				"down": {"uv": [4, 9, 4.5, 15], "rotation": 90, "texture": "#0"}
			}
		},
		{
			"name": "arms",
			"from": [10, 10, 7.75],
			"to": [26, 11, 8.75],
			"rotation": {"angle": -45, "axis": "z", "origin": [13, 10.5, 8.25]},
			"faces": {
				"north": {"uv": [4, 15, 4.5, 9], "rotation": 90, "texture": "#0"},
				"east": {"uv": [4, 9.5, 4.5, 9], "rotation": 90, "texture": "#0"},
				"south": {"uv": [4, 15, 4.5, 9], "rotation": 90, "texture": "#0"},
				"west": {"uv": [4, 15, 4.5, 9], "rotation": 90, "texture": "#0"},
				"up": {"uv": [4, 15, 4.5, 9], "rotation": 90, "texture": "#0"},
				"down": {"uv": [4, 15, 4.5, 9], "rotation": 90, "texture": "#0"}
			}
		}
	],
	"display": {
		"thirdperson_righthand": {
			"rotation": [75, 45, 0],
			"translation": [0, 2.5, 0],
			"scale": [0.375, 0.375, 0.375]
		},
		"thirdperson_lefthand": {
			"rotation": [75, 45, 0],
			"translation": [0, 2.5, 0],
			"scale": [0.375, 0.375, 0.375]
		},
		"firstperson_righthand": {
			"rotation": [0, 123, 0],
			"translation": [3, 3, 0],
			"scale": [0.1, 0.1, 0.1]
		},
		"firstperson_lefthand": {
			"rotation": [0, 123, 0],
			"translation": [3, 3, 0],
			"scale": [0.1, 0.1, 0.1]
		},
		"ground": {
			"rotation": [90, 0, 0],
			"translation": [0, -3.5, 0],
			"scale": [0.5, 0.5, 0.5]
		},
		"gui": {
			"rotation": [30, 225, 0],
			"translation": [0, -0.5, 0],
			"scale": [0.3, 0.3, 0.3]
		},
		"head": {
			"translation": [0, -21, 0],
			"scale": [1.6, 1.6, 1.6]
		},
		"fixed": {
			"translation": [0, -2, 0],
			"scale": [0.4, 0.4, 0.4]
		}
	},
	"groups": [0, 1, 2,
		{
			"name": "coal",
			"origin": [8, 8, 8],
			"children": [3, 4, 5, 6, 7, 8, 9]
		},
		{
			"name": "snow",
			"origin": [8, 8, 8],
			"children": [10, 11, 12]
		}, 13, 14]
}