{
	"credit": "Made by BronGhast014 with Blockbench",
	"textures": {
		"0": "christmas/stocking_red",
		"particle": "christmas/stocking_red"
	},
	"elements": [
		{
			"from": [3, 0, 6.5],
			"to": [10, 1, 9.5],
			"faces": {
				"north": {"uv": [7, 15, 14, 16], "texture": "#0"},
				"east": {"uv": [7, 7, 10, 8], "texture": "#0"},
				"south": {"uv": [7, 15, 14, 16], "texture": "#0"},
				"west": {"uv": [5, 11, 8, 12], "texture": "#0"},
				"up": {"uv": [0, 0, 7, 3], "texture": "#missing"},
				"down": {"uv": [4, 6, 11, 9], "texture": "#0"}
			}
		},
		{
			"from": [2, 1, 6.5],
			"to": [11, 3, 9.5],
			"faces": {
				"north": {"uv": [6, 13, 15, 15], "texture": "#0"},
				"east": {"uv": [8, 6, 11, 8], "texture": "#0"},
				"south": {"uv": [6, 13, 15, 15], "texture": "#0"},
				"west": {"uv": [6, 12, 9, 14], "texture": "#0"},
				"up": {"uv": [4, 4, 7, 12], "rotation": 90, "texture": "#0"},
				"down": {"uv": [8, 4, 11, 11], "rotation": 90, "texture": "#0"}
			}
		},
		{
			"from": [3, 3, 6.5],
			"to": [13, 4, 9.5],
			"faces": {
				"north": {"uv": [4, 12, 14, 13], "texture": "#0"},
				"east": {"uv": [4, 12, 7, 13], "texture": "#0"},
				"south": {"uv": [4, 12, 14, 13], "texture": "#0"},
				"west": {"uv": [4, 12, 7, 13], "texture": "#0"},
				"up": {"uv": [4, 12, 14, 13], "texture": "#0"},
				"down": {"uv": [4, 12, 14, 13], "texture": "#0"}
			}
		},
		{
			"from": [11, 2, 6.5],
			"to": [12, 3, 9.5],
			"faces": {
				"north": {"uv": [8, 8, 9, 9], "texture": "#0"},
				"east": {"uv": [6, 8, 9, 9], "texture": "#0"},
				"south": {"uv": [8, 8, 9, 9], "texture": "#0"},
				"west": {"uv": [6, 8, 9, 9], "texture": "#0"},
				"up": {"uv": [6, 8, 9, 9], "texture": "#0"},
				"down": {"uv": [6, 8, 9, 9], "texture": "#0"}
			}
		},
		{
			"from": [4, 4, 6.5],
			"to": [6, 5, 9.5],
			"faces": {
				"north": {"uv": [8, 7, 10, 8], "texture": "#0"},
				"east": {"uv": [8, 7, 10, 8], "texture": "#0"},
				"south": {"uv": [8, 7, 10, 8], "texture": "#0"},
				"west": {"uv": [8, 7, 11, 8], "texture": "#0"},
				"up": {"uv": [8, 7, 11, 9], "texture": "#0"},
				"down": {"uv": [8, 7, 10, 8], "texture": "#0"}
			}
		},
		{
			"from": [6, 4, 6.5],
			"to": [13, 14, 9.5],
			"faces": {
				"north": {"uv": [4, 2, 11, 12], "texture": "#0"},
				"east": {"uv": [6, 2, 9, 12], "texture": "#0"},
				"south": {"uv": [4, 2, 11, 12], "texture": "#0"},
				"west": {"uv": [6, 5, 9, 15], "texture": "#0"},
				"up": {"uv": [4, 2, 11, 5], "texture": "#0"},
				"down": {"uv": [4, 3, 11, 6], "texture": "#0"}
			}
		},
		{
			"from": [5, 14, 9],
			"to": [14, 16, 10],
			"faces": {
				"north": {"uv": [3, 0, 12, 2], "texture": "#0"},
				"east": {"uv": [3, 0, 4, 2], "texture": "#0"},
				"south": {"uv": [3, 0, 12, 2], "texture": "#0"},
				"west": {"uv": [3, 0, 4, 2], "texture": "#0"},
				"up": {"uv": [3, 0, 12, 1], "texture": "#0"},
				"down": {"uv": [3, 0, 12, 2], "texture": "#0"}
			}
		},
		{
			"from": [5, 14, 6],
			"to": [14, 16, 7],
			"faces": {
				"north": {"uv": [3, 0, 12, 2], "texture": "#0"},
				"east": {"uv": [3, 0, 4, 2], "texture": "#0"},
				"south": {"uv": [3, 0, 12, 2], "texture": "#0"},
				"west": {"uv": [3, 0, 4, 2], "texture": "#0"},
				"up": {"uv": [3, 0, 12, 1], "texture": "#0"},
				"down": {"uv": [3, 0, 12, 2], "texture": "#0"}
			}
		},
		{
			"from": [5, 14, 7],
			"to": [6, 16, 9],
			"faces": {
				"north": {"uv": [3, 0, 4, 2], "texture": "#0"},
				"east": {"uv": [3, 0, 5, 2], "texture": "#0"},
				"south": {"uv": [3, 0, 4, 2], "texture": "#0"},
				"west": {"uv": [3, 0, 5, 2], "texture": "#0"},
				"up": {"uv": [3, 0, 4, 2], "texture": "#0"},
				"down": {"uv": [3, 0, 4, 2], "texture": "#0"}
			}
		},
		{
			"from": [13, 14, 7],
			"to": [14, 16, 9],
			"faces": {
				"north": {"uv": [3, 0, 4, 2], "texture": "#0"},
				"east": {"uv": [3, 0, 5, 2], "texture": "#0"},
				"south": {"uv": [3, 0, 4, 2], "texture": "#0"},
				"west": {"uv": [3, 0, 5, 2], "texture": "#0"},
				"up": {"uv": [3, 0, 4, 2], "texture": "#0"},
				"down": {"uv": [3, 0, 4, 2], "texture": "#0"}
			}
		}
	],
	"display": {
		"thirdperson_righthand": {
			"scale": [0.8, 0.8, 0.8],
			"rotation": [59, 31, 0],
			"translation": [0, -1.5, -2]
		},
		"thirdperson_lefthand": {
			"scale": [0.8, 0.8, 0.8],
			"rotation": [59, 31, 0],
			"translation": [2, 0.5, -2]
		},
		"firstperson_righthand": {
			"scale": [0.68, 0.68, 0.68],
			"rotation": [0, -90, 25],
			"translation": [1.13, 3.2, 1.13]
		},
		"firstperson_lefthand": {
			"scale": [0.68, 0.68, 0.68],
			"rotation": [0, -90, 25],
			"translation": [1.13, 3.2, 1.13]
		},
		"ground": {
			"rotation": [90, 0, 0],
			"translation": [0, -4, 0]
		},
		"fixed": {
			"scale": [2, 2, 2],
			"translation": [-3, -8, -3]
		},
		"gui": {
			"rotation": [3, -167, -15],
			"scale": [0.8, 0.8, 0.9]
		},
		"head": {
			"scale": [2, 2, 2],
			"translation": [-3, -12, 0]
		}
	}
}