{
  "type": "minecraft:block",
  "pools": [
    {
      "rolls": {
        "min": 0,
        "max": 3
      },
      "entries": [
        {
          "type": "minecraft:item",
          "name": "minecraft:diamond",
          "functions": [
            {
              "function": "set_count",
              "count": {
                "min": 1,
                "max": 9
              }
            }
          ]
        },
        {
          "type": "minecraft:item",
          "name": "minecraft:diamond_sword",
          "functions": [
            {
              "function": "minecraft:enchant_randomly"
            }
          ]
        },
        {
          "type": "minecraft:item",
          "name": "minecraft:diamond_axe",
          "functions": [
            {
              "function": "minecraft:enchant_randomly"
            }
          ]
        },
        {
          "type": "minecraft:item",
          "name": "minecraft:diamond_pickaxe",
          "functions": [
            {
              "function": "minecraft:enchant_randomly"
            }
          ]
        },
        {
          "type": "minecraft:item",
          "name": "minecraft:diamond_boots",
          "functions": [
            {
              "function": "minecraft:enchant_randomly"
            }
          ]
        },
        {
          "type": "minecraft:item",
          "name": "minecraft:diamond_leggings",
          "functions": [
            {
              "function": "minecraft:enchant_randomly"
            }
          ]
        },
        {
          "type": "minecraft:item",
          "name": "minecraft:diamond_helmet",
          "functions": [
            {
              "function": "minecraft:enchant_randomly"
            }
          ]
        },
        {
          "type": "minecraft:item",
          "name": "minecraft:diamond_chestplate",
          "functions": [
            {
              "function": "minecraft:enchant_randomly"
            }
          ]
        },
        {
          "type": "minecraft:item",
          "name": "minecraft:bow",
          "functions": [
            {
              "function": "minecraft:enchant_randomly"
            }
          ]
        },
        {
          "type": "minecraft:item",
          "name": "minecraft:arrow",
          "functions": [
            {
              "function": "set_count",
              "count": {
                "min": 16,
                "max": 64
              }
            }
          ]
        }
      ]
    },
    {
      "rolls": {
        "min": 1,
        "max": 2
      },
      "entries": [
        {
          "type": "minecraft:item",
          "name": "minecraft:stone",
          "functions": [
            {
              "function": "set_count",
              "count": {
                "min": 16,
                "max": 64
              }
            }
          ]
        },
        {
          "type": "minecraft:item",
          "name": "minecraft:dirt",
          "functions": [
            {
              "function": "set_count",
              "count": {
                "min": 16,
                "max": 64
              }
            }
          ]
        },
        {
          "type": "minecraft:item",
          "name": "minecraft:slime_block",
          "functions": [
            {
              "function": "set_count",
              "count": {
                "min": 16,
                "max": 64
              }
            }
          ]
        },
        {
          "type": "minecraft:item",
          "name": "minecraft:oak_planks",
          "functions": [
            {
              "function": "set_count",
              "count": {
                "min": 16,
                "max": 64
              }
            }
          ]
        },
        {
          "type": "minecraft:item",
          "name": "minecraft:torch",
          "functions": [
            {
              "function": "set_count",
              "count": {
                "min": 8,
                "max": 16
              }
            }
          ]
        },
        {
          "type": "minecraft:item",
          "name": "minecraft:egg",
          "functions": [
            {
              "function": "set_count",
              "count": {
                "min": 8,
                "max": 16
              }
            }
          ]
        },
        {
          "type": "minecraft:item",
          "name": "minecraft:snowball",
          "functions": [
            {
              "function": "set_count",
              "count": {
                "min": 8,
                "max": 16
              }
            }
          ]
        },
        {
          "type": "minecraft:item",
          "name": "minecraft:apple",
          "functions": [
            {
              "function": "set_count",
              "count": {
                "min": 8,
                "max": 16
              }
            }
          ]
        },
        {
          "type": "minecraft:item",
          "name": "minecraft:pumpkin_pie",
          "functions": [
            {
              "function": "set_count",
              "count": {
                "min": 8,
                "max": 16
              }
            }
          ]
        },
        {
          "type": "minecraft:item",
          "name": "minecraft:cooked_beef",
          "functions": [
            {
              "function": "set_count",
              "count": {
                "min": 8,
                "max": 16
              }
            }
          ]
        }
      ]
    },
    {
      "rolls": {
        "min": -2,
        "max": 1
      },
      "entries": [
        {
          "type": "item",
          "name": "minecraft:creeper_head",
          "weight": 10,
          "functions": [
            {
              "function": "set_count",
              "count": {
                "min": 1,
                "max": 2
              }
            }
          ]
        },
        {
          "type": "item",
          "name": "minecraft:shulker_box",
          "weight": 10,
          "functions": [
            {
              "function": "set_count",
              "count": {
                "min": 1,
                "max": 1
              }
            }
          ]
        },
        {
          "type": "item",
          "name": "minecraft:chorus_fruit",
          "weight": 10,
          "functions": [
            {
              "function": "set_count",
              "count": {
                "min": 1,
                "max": 8
              }
            }
          ]
        },
        {
          "type": "item",
          "name": "minecraft:emerald",
          "weight": 10,
          "functions": [
            {
              "function": "set_count",
              "count": {
                "min": 1,
                "max": 15
              }
            }
          ]
        }
      ]
    },
    {
      "rolls": {
        "min": -1,
        "max": 2
      },
      "entries": [
        {
          "type": "item",
          "name": "minecraft:golden_carrot",
          "weight": 10,
          "functions": [
            {
              "function": "set_count",
              "count": {
                "min": 1,
                "max": 20
              }
            }
          ]
        },
        {
          "type": "item",
          "name": "minecraft:diamond",
          "weight": 5,
          "functions": [
            {
              "function": "set_count",
              "count": {
                "min": 1,
                "max": 9
              }
            }
          ]
        },
        {
          "type": "item",
          "name": "minecraft:bread",
          "weight": 20
        },
        {
          "type": "item",
          "name": "minecraft:wheat",
          "weight": 20,
          "functions": [
            {
              "function": "set_count",
              "count": {
                "min": 1,
                "max": 4
              }
            }
          ]
        },
        {
          "type": "item",
          "name": "minecraft:bucket",
          "weight": 10
        },
        {
          "type": "item",
          "name": "minecraft:tnt",
          "weight": 15,
          "functions": [
            {
              "function": "set_count",
              "count": {
                "min": 1,
                "max": 20
              }
            }
          ]
        },
        {
          "type": "item",
          "name": "minecraft:arrow",
          "weight": 15,
          "functions": [
            {
              "function": "set_count",
              "count": {
                "min": 1,
                "max": 64
              }
            }
          ]
        },
        {
          "type": "item",
          "name": "minecraft:cooked_beef",
          "functions": [
            {
              "function": "set_count",
              "count": {
                "min": 2,
                "max": 16
              }
            }
          ],
          "weight": 10
        },
        {
          "type": "item",
          "name": "minecraft:apple",
          "functions": [
            {
              "function": "set_count",
              "count": {
                "min": 2,
                "max": 8
              }
            }
          ],
          "weight": 10
        },
        {
          "type": "item",
          "name": "minecraft:ender_pearl",
          "functions": [
            {
              "function": "set_count",
              "count": {
                "min": 2,
                "max": 16
              }
            }
          ],
          "weight": 10
        },
        {
          "type": "item",
          "name": "minecraft:golden_apple",
          "weight": 15
        },
        {
          "type": "item",
          "name": "minecraft:enchanted_golden_apple",
          "weight": 2
        },
        {
          "type": "item",
          "name": "minecraft:flint_and_steel",
          "weight": 15
        },
        {
          "type": "item",
          "name": "minecraft:totem_of_undying",
          "weight": 15
        },
        {
          "type": "item",
          "name": "minecraft:trident",
          "weight": 8
        }
      ]
    }
  ]
}
