{
    "type": "minecraft:block",
    "pools": [
        {
            "rolls": 1,
            "entries": [
                {
                    "type": "minecraft:item",
                    "weight": 10,
                    "name": "minecraft:stone_button",
                    "functions": [
                        {
                            "function": "set_nbt",
                            "tag": "{webs:1,event:1}"
                        }
                    ]
                },
                {
                    "type": "minecraft:item",
                    "weight": 20,
                    "name": "minecraft:stone_button",
                    "functions": [
                        {
                            "function": "set_nbt",
                            "tag": "{cage:1,event:1}"
                        }
                    ]
                },
                {
                    "type": "minecraft:item",
                    "weight": 20,
                    "name": "minecraft:stone_button",
                    "functions": [
                        {
                            "function": "set_nbt",
                            "tag": "{lightning:1,event:1}"
                        }
                    ]
                },
                {
                    "type": "minecraft:item",
                    "weight": 20,
                    "name": "minecraft:stone_button",
                    "functions": [
                        {
                            "function": "set_nbt",
                            "tag": "{new:1,event:1}"
                        }
                    ]
                },
                {
                    "type": "minecraft:item",
                    "weight": 10,
                    "name": "minecraft:stone_button",
                    "functions": [
                        {
                            "function": "set_nbt",
                            "tag": "{nothing:1,event:1}"
                        }
                    ]
                }
            ]
        }
    ]
}
