{
    "parent": "item/generated",
    "textures": {
        "layer0": "item/armor_stand"
    },
	"overrides": [
		{ "predicate": { "custom_model_data": 10140001 }, "model": "spooky/sound" },
		{ "predicate": { "custom_model_data": 10140002 }, "model": "spooky/pumpkin" },
		{ "predicate": { "custom_model_data": 10140003 }, "model": "spooky/empty_picture" },
		{ "predicate": { "custom_model_data": 10140004 }, "model": "spooky/pumpkin_open" },
		{ "predicate": { "custom_model_data": 10140005 }, "model": "spooky/trigger" },
		{ "predicate": { "custom_model_data": 10140006 }, "model": "spooky/ghost" },
		{ "predicate": { "custom_model_data": 10140007 }, "model": "spooky/fake_lava" },
		{ "predicate": { "custom_model_data": 10140008 }, "model": "spooky/lucky_block" }
	]
}
