{
    "parent": "block/carved_pumpkin",
	"overrides": [
		{ "predicate": { "custom_model_data": 10140201 }, "model": "spooky/pumpkin" },
		{ "predicate": { "custom_model_data": 10140202 }, "model": "spooky/pumpkin_open" },
		{ "predicate": { "custom_model_data": 10140203 }, "model": "spooky/empty_picture" },
		{ "predicate": { "custom_model_data": 10140204 }, "model": "spooky/ghost" },
		{ "predicate": { "custom_model_data": 10140205 }, "model": "spooky/trigger2" },
		{ "predicate": { "custom_model_data": 10140206 }, "model": "spooky/fake_lava" },
		{ "predicate": { "custom_model_data": 10140208 }, "model": "spooky/lucky_block" }
	]
}
